,@FREQ,@REF_AREA,@INDICATOR,@COUNTERPART_AREA,@UNIT_MULT,@TIME_FORMAT,Obs_0_@TIME_PERIOD,Obs_0_@OBS_VALUE,Obs_1_@TIME_PERIOD,Obs_1_@OBS_VALUE,Obs_2_@TIME_PERIOD,Obs_2_@OBS_VALUE,Obs_3_@TIME_PERIOD,Obs_3_@OBS_VALUE,Obs_4_@TIME_PERIOD,Obs_4_@OBS_VALUE,Obs_5_@TIME_PERIOD,Obs_5_@OBS_VALUE,Obs_6_@TIME_PERIOD,Obs_6_@OBS_VALUE,Obs_7_@TIME_PERIOD,Obs_7_@OBS_VALUE,Obs_8_@TIME_PERIOD,Obs_8_@OBS_VALUE,Obs_9_@TIME_PERIOD,Obs_9_@OBS_VALUE,Obs_10_@TIME_PERIOD,Obs_10_@OBS_VALUE
0,M,R14,TXG_FOB_USD,W00,6,P1M,2022-01,84924.351794,2022-02,83269.108742,2022-03,84500.293157,2022-04,94435.231897,2022-05,83345.106984,2022-06,91396.683134,2022-07,87287.444049,2022-08,98651.717572,2022-09,104527.871616,2022-10,99999.700078,2022-11,95571.845332
1,M,BI,TXG_FOB_USD,W00,6,P1M,2022-01,27.425417,2022-02,17.895871,2022-03,16.809402,2022-04,23.401022,2022-05,11.944894,2022-06,13.430415,2022-07,4.017569,2022-08,6.80879,2022-09,10.679294,2022-10,19.153445,2022-11,13.223798
2,M,UZ,TXG_FOB_USD,W00,6,P1M,2022-01,1222.963403,2022-02,2524.98323,2022-03,1458.083082,2022-04,1042.076897,2022-05,1001.11206,2022-06,805.239386,2022-07,725.532001,2022-08,704.925802,2022-09,816.70434,2022-10,476.938909,2022-11,584.186488
3,M,ZW,TXG_FOB_USD,W00,6,P1M,2022-01,493.729805,2022-02,465.040873,2022-03,456.747977,2022-04,461.963752,2022-05,468.305948,2022-06,450.038145,2022-07,469.218774,2022-08,502.049478,2022-09,501.527187,2022-10,535.441235,2022-11,530.111466
4,M,IE,TXG_FOB_USD,W00,6,P1M,2022-01,17774.50056,2022-02,17440.656025,2022-03,21755.465471,2022-04,18047.5649,2022-05,18497.268486,2022-06,17980.383374,2022-07,14719.56349,2022-08,19294.573505,2022-09,19030.345545,2022-10,16928.220655,2022-11,14330.485921
5,M,GY,TXG_FOB_USD,W00,6,P1M,2022-01,196.859848,2022-02,171.382163,2022-03,150.808036,2022-04,153.141178,2022-05,159.33398,2022-06,286.282894,2022-07,144.705104,2022-08,238.202298,2022-09,153.833317,2022-10,140.711236,2022-11,167.82858
6,M,MN,TXG_FOB_USD,W00,6,P1M,2022-01,541.983994,2022-02,631.378384,2022-03,738.627819,2022-04,841.496216,2022-05,1201.5517,2022-06,1146.237904,2022-07,1083.849499,2022-08,1201.828441,2022-09,945.529548,2022-10,1310.995907,2022-11,1476.886564
7,M,BB,TXG_FOB_USD,W00,6,P1M,2022-01,40.62434,2022-02,40.050194,2022-03,60.223358,2022-04,43.048901,2022-05,36.948451,2022-06,32.394818,2022-07,36.064602,2022-08,48.280913,2022-09,58.449455,2022-10,54.801094,2022-11,63.967184
8,M,B0,TXG_FOB_USD,W00,6,P1M,2022-01,552322.181427,2022-02,581895.83512,2022-03,658533.14517,2022-04,578395.591103,2022-05,621140.844015,2022-06,627774.153602,2022-07,565743.110848,2022-08,548777.051429,2022-09,615197.201401,2022-10,583977.267724,2022-11,574746.484653
9,M,RU,TXG_FOB_USD,W00,6,P1M,2022-01,63428.435851,2022-02,61383.027494,2022-03,67179.965135,2022-04,75019.764244,2022-05,62847.171301,2022-06,70444.645785,2022-07,66613.554389,2022-08,77662.794673,2022-09,79717.0771,2022-10,72640.348914,2022-11,71520.436792
10,M,XR43,TXG_FOB_USD,W00,6,P1M,2022-01,876613.355101,2022-02,787636.743864,2022-03,953423.387186,2022-04,930190.160644,2022-05,950134.304527,2022-06,1010908.011575,2022-07,968640.75309,2022-08,974598.831739,2022-09,979307.224056,2022-10,922874.404706,2022-11,912649.13521
11,M,NL,TXG_FOB_USD,W00,6,P1M,2022-01,73127.092036,2022-02,72225.072152,2022-03,85221.824119,2022-04,77232.962158,2022-05,82418.532886,2022-06,85841.613725,2022-07,76698.537986,2022-08,78577.656985,2022-09,85224.471239,2022-10,82791.92027,2022-11,84231.828679
12,M,MY,TXG_FOB_USD,W00,6,P1M,2022-01,26515.164269,2022-02,24420.455977,2022-03,31319.342024,2022-04,29903.014877,2022-05,27481.866458,2022-06,33176.775894,2022-07,30191.957202,2022-08,31633.564871,2022-09,31742.019962,2022-10,28026.412713,2022-11,28048.620509
13,M,1C_092,TXG_FOB_USD,W00,6,P1M,2022-01,688057.786964,2022-02,599019.467551,2022-03,722177.536751,2022-04,693977.526056,2022-05,722257.864558,2022-06,775740.04685,2022-07,737219.189008,2022-08,736587.195129,2022-09,743817.642439,2022-10,696711.462908,2022-11,693336.626623
14,M,LU,TXG_FOB_USD,W00,6,P1M,2022-01,1360.270025,2022-02,1477.195428,2022-03,1704.398576,2022-04,1473.129756,2022-05,1524.169499,2022-06,1603.12598,2022-07,1358.557247,2022-08,1336.015482,2022-09,1403.62488,2022-10,1370.459562,2022-11,1209.518181
15,M,LV,TXG_FOB_USD,W00,6,P1M,2022-01,1779.78887,2022-02,1821.482933,2022-03,2192.622868,2022-04,1851.568321,2022-05,1940.701812,2022-06,1941.245323,2022-07,1759.517131,2022-08,2078.119055,2022-09,2265.145751,2022-10,1936.463311,2022-11,1891.420318
16,M,1C_080,TXG_FOB_USD,W00,6,P1M,2022-01,188555.568137,2022-02,188617.276313,2022-03,231245.850435,2022-04,236212.634588,2022-05,227876.439969,2022-06,235167.964725,2022-07,231421.564082,2022-08,238011.63661,2022-09,235489.581617,2022-10,226162.941798,2022-11,219312.508587
17,M,SO,TXG_FOB_USD,W00,6,P1M,2022-01,47.671454,2022-02,44.357936,2022-03,51.743143,2022-04,52.455361,2022-05,54.093993,2022-06,145.041928,2022-07,71.278358,2022-08,43.869732,2022-09,45.775661,2022-10,43.636062,2022-11,39.36138
18,M,MD,TXG_FOB_USD,W00,6,P1M,2022-01,330.357236,2022-02,336.464327,2022-03,395.826597,2022-04,396.340158,2022-05,416.034561,2022-06,416.431915,2022-07,338.22251,2022-08,329.414482,2022-09,318.527652,2022-10,266.58499,2022-11,301.630088
19,M,DK,TXG_FOB_USD,W00,6,P1M,2022-01,10346.383428,2022-02,10583.792075,2022-03,12841.346597,2022-04,10125.14244,2022-05,10977.178436,2022-06,11120.138747,2022-07,10306.714629,2022-08,10354.939156,2022-09,11291.814412,2022-10,10602.581965,2022-11,10734.39817
20,M,CL,TXG_FOB_USD,W00,6,P1M,2022-01,8562.174464,2022-02,7301.397759,2022-03,8672.600934,2022-04,8026.584486,2022-05,8897.702434,2022-06,8330.295707,2022-07,7946.688801,2022-08,7877.598757,2022-09,7569.077534,2022-10,7597.805356,2022-11,7812.810264
21,M,FR,TXG_FOB_USD,W00,6,P1M,2022-01,50670.268781,2022-02,50594.881785,2022-03,56309.207704,2022-04,49835.43002,2022-05,51580.78688,2022-06,54873.791679,2022-07,47694.013785,2022-08,44324.212668,2022-09,52814.42722,2022-10,50943.529448,2022-11,45190.468252
22,M,LC,TXG_FOB_USD,W00,6,P1M,2022-01,6.432208,2022-02,5.605887,2022-03,5.937995,2022-04,5.944005,2022-05,6.684077,2022-06,5.340154,2022-07,6.039172,2022-08,5.714023,2022-09,6.244344,2022-10,4.806478,2022-11,9.839439
23,M,X88,TXG_FOB_USD,W00,6,P1M,2022-01,172.223771,2022-02,106.484228,2022-03,147.486844,2022-04,157.664945,2022-05,156.22843,2022-06,174.938065,2022-07,129.186053,2022-08,159.646855,2022-09,155.299231,2022-10,177.815981,2022-11,131.362012
24,M,KP,TXG_FOB_USD,W00,6,P1M,2022-01,25.620144,2022-02,11.004408,2022-03,14.365062,2022-04,14.490177,2022-05,18.643705,2022-06,15.699251,2022-07,23.691426,2022-08,29.704084,2022-09,25.463298,2022-10,31.263719,2022-11,23.290507
25,M,TJ,TXG_FOB_USD,W00,6,P1M,2022-01,100.193481,2022-02,114.767265,2022-03,83.967329,2022-04,106.652368,2022-05,255.817563,2022-06,497.844358,2022-07,56.414083,2022-08,46.65045,2022-09,77.875752,2022-10,83.026703,2022-11,48.361103
26,M,NZ,TXG_FOB_USD,W00,6,P1M,2022-01,3238.546446,2022-02,3461.284949,2022-03,4577.136634,2022-04,4179.06018,2022-05,4358.408148,2022-06,3954.892892,2022-07,3929.659047,2022-08,3309.379179,2022-09,3518.019986,2022-10,3489.675027,2022-11,4037.991088
27,M,CF,TXG_FOB_USD,W00,6,P1M,2022-01,2.092358,2022-02,3.389356,2022-03,3.659519,2022-04,2.226299,2022-05,2.930816,2022-06,3.005552,2022-07,3.079188,2022-08,3.373674,2022-09,9.815818,2022-10,3.378306,2022-11,6.323126
28,M,GN,TXG_FOB_USD,W00,6,P1M,2022-01,2281.522604,2022-02,2736.528018,2022-03,679.235505,2022-04,1524.204381,2022-05,2286.868208,2022-06,2375.359101,2022-07,1435.421078,2022-08,1174.353458,2022-09,1073.595145,2022-10,1228.890847,2022-11,770.592388
29,M,NG,TXG_FOB_USD,W00,6,P1M,2022-01,4895.439144,2022-02,5166.842421,2022-03,7392.234289,2022-04,5535.349962,2022-05,6746.6135,2022-06,6258.065827,2022-07,4785.131931,2022-08,5346.463235,2022-09,4445.953965,2022-10,4951.042729,2022-11,2837.227338
30,M,BM,TXG_FOB_USD,W00,6,P1M,2022-01,3.012541,2022-02,4.233639,2022-03,4.825182,2022-04,4.120616,2022-05,4.532947,2022-06,6.915887,2022-07,5.778897,2022-08,4.957229,2022-09,4.503503,2022-10,5.146679,2022-11,4.728076
31,M,KZ,TXG_FOB_USD,W00,6,P1M,2022-01,5869.405988,2022-02,5839.576373,2022-03,6671.009329,2022-04,7083.238332,2022-05,7345.543976,2022-06,7647.700286,2022-07,6398.009831,2022-08,7047.705501,2022-09,7112.885603,2022-10,11612.313532,2022-11,10800.905293
32,M,VC,TXG_FOB_USD,W00,6,P1M,2022-01,1.209394,2022-02,1.970514,2022-03,42.179371,2022-04,3.693765,2022-05,6.367663,2022-06,1.100287,2022-07,2.925011,2022-08,2.11703,2022-09,3.020231,2022-10,1.505965,2022-11,0.40979
33,M,AF,TXG_FOB_USD,W00,6,P1M,2022-01,50.416681,2022-02,46.511878,2022-03,59.959564,2022-04,72.651764,2022-05,31.820478,2022-06,45.94608,2022-07,30.256691,2022-08,45.361302,2022-09,69.524809,2022-10,64.864749,2022-11,65.636075
34,M,DO,TXG_FOB_USD,W00,6,P1M,2022-01,872.998833,2022-02,987.898163,2022-03,1307.302666,2022-04,1088.196062,2022-05,1194.776229,2022-06,1123.035114,2022-07,1140.276861,2022-08,1279.215645,2022-09,1118.931324,2022-10,1095.546306,2022-11,1132.911163
35,M,ST,TXG_FOB_USD,W00,6,P1M,2022-01,2.827404,2022-02,1.007583,2022-03,1.07154,2022-04,0.473746,2022-05,2.338762,2022-06,2.253549,2022-07,2.754011,2022-08,2.282126,2022-09,0.827226,2022-10,1.187726,2022-11,2.441128
36,M,TD,TXG_FOB_USD,W00,6,P1M,2022-01,234.855977,2022-02,181.192828,2022-03,282.032865,2022-04,205.034018,2022-05,442.314823,2022-06,356.095712,2022-07,556.583383,2022-08,530.671438,2022-09,463.743685,2022-10,274.335181,2022-11,184.126131
37,M,SK,TXG_FOB_USD,W00,6,P1M,2022-01,8698.223238,2022-02,9286.869178,2022-03,9922.684366,2022-04,8468.589028,2022-05,9696.232928,2022-06,9361.303478,2022-07,7845.402188,2022-08,8397.08857,2022-09,9005.733934,2022-10,9362.274032,2022-11,8344.404914
38,M,PG,TXG_FOB_USD,W00,6,P1M,2022-01,696.682599,2022-02,606.575666,2022-03,774.445707,2022-04,657.276011,2022-05,909.461031,2022-06,679.143529,2022-07,819.562729,2022-08,793.107734,2022-09,856.213756,2022-10,1197.383386,2022-11,988.848247
39,M,CU,TXG_FOB_USD,W00,6,P1M,2022-01,146.603627,2022-02,95.47982,2022-03,133.121782,2022-04,143.174768,2022-05,137.584725,2022-06,159.238814,2022-07,105.494627,2022-08,129.942771,2022-09,129.835933,2022-10,146.552262,2022-11,108.071505
40,M,BS,TXG_FOB_USD,W00,6,P1M,2022-01,59.679239,2022-02,39.295121,2022-03,138.842143,2022-04,169.649785,2022-05,152.450483,2022-06,203.201881,2022-07,66.01198,2022-08,325.079903,2022-09,168.9122,2022-10,31.916401,2022-11,211.05208
41,M,TH,TXG_FOB_USD,W00,6,P1M,2022-01,21284.304516,2022-02,23553.613627,2022-03,27698.91805,2022-04,23076.438704,2022-05,24791.250587,2022-06,25205.68627,2022-07,22791.70058,2022-08,23972.285453,2022-09,23962.182074,2022-10,21099.255433,2022-11,23182.191836
42,M,GM,TXG_FOB_USD,W00,6,P1M,2022-01,3.55215,2022-02,2.395019,2022-03,3.801124,2022-04,3.083752,2022-05,3.611751,2022-06,2.74716,2022-07,6.10142,2022-08,5.947024,2022-09,7.236673,2022-10,3.64949,2022-11,4.538539
43,M,AE,TXG_FOB_USD,W00,6,P1M,2022-01,34986.090161,2022-02,36984.880174,2022-03,50877.855419,2022-04,49186.291541,2022-05,48681.654396,2022-06,50388.861371,2022-07,53539.995019,2022-08,50786.58742,2022-09,50423.311404,2022-10,45799.209617,2022-11,51028.801012
44,M,QA,TXG_FOB_USD,W00,6,P1M,2022-01,9764.389775,2022-02,8756.79017,2022-03,10085.824578,2022-04,11937.099503,2022-05,9808.101496,2022-06,9912.623252,2022-07,10755.493762,2022-08,10740.104048,2022-09,11014.748753,2022-10,11584.667466,2022-11,9879.122988
45,M,PA,TXG_FOB_USD,W00,6,P1M,2022-01,200.697591,2022-02,266.849262,2022-03,418.946038,2022-04,275.544253,2022-05,358.939215,2022-06,391.374643,2022-07,208.59394,2022-08,345.917201,2022-09,673.747807,2022-10,473.686752,2022-11,390.073011
46,M,AL,TXG_FOB_USD,W00,6,P1M,2022-01,326.183468,2022-02,348.448921,2022-03,427.63045,2022-04,376.477491,2022-05,394.347202,2022-06,406.792864,2022-07,342.273648,2022-08,304.73707,2022-09,326.492234,2022-10,320.400813,2022-11,365.700584
47,M,ID,TXG_FOB_USD,W00,6,P1M,2022-01,19173.69779,2022-02,20472.894282,2022-03,26497.477155,2022-04,27322.14067,2022-05,21511.452558,2022-06,26150.648993,2022-07,25563.290971,2022-08,27862.428177,2022-09,24778.017561,2022-10,24728.14814,2022-11,24115.185011
48,M,CM,TXG_FOB_USD,W00,6,P1M,2022-01,522.932915,2022-02,373.318896,2022-03,659.888796,2022-04,521.669291,2022-05,534.479261,2022-06,625.295719,2022-07,538.199342,2022-08,587.891376,2022-09,569.571346,2022-10,484.404091,2022-11,455.081773
49,M,CI,TXG_FOB_USD,W00,6,P1M,2022-01,1404.19334,2022-02,1455.187924,2022-03,2288.859978,2022-04,1873.871911,2022-05,2010.661993,2022-06,2488.743838,2022-07,1333.971544,2022-08,2006.172051,2022-09,1593.588369,2022-10,1336.349344,2022-11,1183.933859
50,M,BF,TXG_FOB_USD,W00,6,P1M,2022-01,243.512306,2022-02,153.614088,2022-03,84.174249,2022-04,173.035627,2022-05,120.921438,2022-06,284.110453,2022-07,152.809728,2022-08,104.036301,2022-09,65.757468,2022-10,36.011901,2022-11,17.647249
51,M,KH,TXG_FOB_USD,W00,6,P1M,2022-01,1619.509032,2022-02,1611.675416,2022-03,2068.436177,2022-04,1903.5825,2022-05,1918.312643,2022-06,1816.824069,2022-07,1937.12957,2022-08,2334.797034,2022-09,2282.307099,2022-10,2049.536037,2022-11,1882.608746
52,M,BG,TXG_FOB_USD,W00,6,P1M,2022-01,3672.362452,2022-02,3940.622989,2022-03,4615.898678,2022-04,4301.223184,2022-05,4601.417487,2022-06,4787.802014,2022-07,4351.848273,2022-08,4143.324224,2022-09,4002.922175,2022-10,4148.376194,2022-11,4338.170354
53,M,LT,TXG_FOB_USD,W00,6,P1M,2022-01,3509.437844,2022-02,3332.428446,2022-03,4058.92899,2022-04,3761.235541,2022-05,3654.678655,2022-06,3477.74831,2022-07,3795.556309,2022-08,4277.08664,2022-09,4304.452414,2022-10,4101.345892,2022-11,4438.69309
54,M,HT,TXG_FOB_USD,W00,6,P1M,2022-01,76.865178,2022-02,90.103134,2022-03,108.648342,2022-04,142.547683,2022-05,110.986234,2022-06,118.006337,2022-07,115.083012,2022-08,128.963824,2022-09,87.999497,2022-10,49.415428,2022-11,51.220975
55,M,W00,TXG_FOB_USD,W00,6,P1M,2022-01,1944704.460379,2022-02,1874603.71545,2022-03,2217902.181486,2022-04,2069779.713183,2022-05,2147184.601646,2022-06,2225498.890437,2022-07,2121246.186287,2022-08,2112362.772372,2022-09,2168005.896718,2022-10,2058329.094904,2022-11,2032350.57379
56,M,CY,TXG_FOB_USD,W00,6,P1M,2022-01,248.494349,2022-02,333.68001,2022-03,350.324165,2022-04,294.877028,2022-05,453.008345,2022-06,306.126156,2022-07,427.460873,2022-08,267.402898,2022-09,277.722508,2022-10,403.976273,2022-11,443.088399
57,M,VU,TXG_FOB_USD,W00,6,P1M,2022-01,5.837059,2022-02,5.649052,2022-03,8.842357,2022-04,5.153018,2022-05,9.046186,2022-06,7.177462,2022-07,7.432019,2022-08,4.936878,2022-09,5.669013,2022-10,5.572487,2022-11,7.195845
58,M,BO,TXG_FOB_USD,W00,6,P1M,2022-01,914.759156,2022-02,941.153884,2022-03,1171.416993,2022-04,1243.257595,2022-05,1292.468747,2022-06,1270.011058,2022-07,1346.10735,2022-08,1056.102475,2022-09,1062.01515,2022-10,939.145336,2022-11,917.287168
59,M,MR,TXG_FOB_USD,W00,6,P1M,2022-01,613.264694,2022-02,391.626134,2022-03,629.070858,2022-04,275.528855,2022-05,287.890921,2022-06,294.098232,2022-07,158.391791,2022-08,358.501245,2022-09,308.845582,2022-10,256.29076,2022-11,241.488627
60,M,CS,TXG_FOB_USD,W00,6,P1M,,,,,,,,,,,,,,,,,,,,,,
61,M,AW,TXG_FOB_USD,W00,6,P1M,2022-01,4.86512,2022-02,7.971524,2022-03,8.345596,2022-04,7.68789,2022-05,10.694143,2022-06,9.07886,2022-07,7.861483,2022-08,8.31999,2022-09,10.607447,2022-10,8.241502,2022-11,12.673838
62,M,SE,TXG_FOB_USD,W00,6,P1M,2022-01,15415.014925,2022-02,16240.911193,2022-03,19153.589922,2022-04,16331.901475,2022-05,17315.302687,2022-06,18079.0036,2022-07,14714.252958,2022-08,14442.921848,2022-09,16537.217185,2022-10,15832.119232,2022-11,16161.069384
63,M,HU,TXG_FOB_USD,W00,6,P1M,2022-01,12165.143153,2022-02,13120.183439,2022-03,13521.963631,2022-04,12097.195402,2022-05,12980.879959,2022-06,12996.796702,2022-07,11082.361123,2022-08,11717.129171,2022-09,13683.765949,2022-10,12406.321565,2022-11,10324.106682
64,M,ET,TXG_FOB_USD,W00,6,P1M,2022-01,307.665416,2022-02,276.582179,2022-03,347.334717,2022-04,286.968444,2022-05,337.978971,2022-06,330.301957,2022-07,345.049267,2022-08,366.664969,2022-09,348.328671,2022-10,316.46171,2022-11,276.325386
65,M,1C_473,TXG_FOB_USD,W00,6,P1M,,,,,,,,,,,,,,,,,,,,,,
66,M,ZM,TXG_FOB_USD,W00,6,P1M,2022-01,965.407906,2022-02,2051.424367,2022-03,1806.029046,2022-04,893.792179,2022-05,1382.550611,2022-06,3435.808179,2022-07,794.134422,2022-08,732.817174,2022-09,847.818879,2022-10,769.941964,2022-11,1646.779177
67,M,DM,TXG_FOB_USD,W00,6,P1M,2022-01,2.468852,2022-02,1.924062,2022-03,3.834729,2022-04,2.012872,2022-05,2.014132,2022-06,2.536253,2022-07,1.881671,2022-08,3.952942,2022-09,3.703195,2022-10,3.027941,2022-11,2.989419
68,M,PY,TXG_FOB_USD,W00,6,P1M,2022-01,484.176035,2022-02,746.402383,2022-03,908.414335,2022-04,912.081316,2022-05,933.86699,2022-06,946.810392,2022-07,935.869195,2022-08,922.937528,2022-09,905.62479,2022-10,737.562545,2022-11,754.316327
69,M,AN,TXG_FOB_USD,W00,6,P1M,,,,,,,,,,,,,,,,,,,,,,
70,M,PK,TXG_FOB_USD,W00,6,P1M,2022-01,2618.361661,2022-02,2840.871831,2022-03,2779.555846,2022-04,2899.101066,2022-05,2619.727943,2022-06,2195.590504,2022-07,2231.258171,2022-08,2143.112483,2022-09,1986.747705,2022-10,1963.120347,2022-11,2036.365835
71,M,LK,TXG_FOB_USD,W00,6,P1M,2022-01,1382.102675,2022-02,1312.399604,2022-03,1533.495785,2022-04,1442.09578,2022-05,1386.85143,2022-06,1428.802975,2022-07,1316.023274,2022-08,1887.702883,2022-09,1547.553711,2022-10,1456.299587,2022-11,1251.731634
72,M,F97,TXG_FOB_USD,W00,6,P1M,2022-01,102424.78503,2022-02,104335.388176,2022-03,136237.399181,2022-04,133474.484968,2022-05,132580.177521,2022-06,134225.878252,2022-07,135432.955129,2022-08,129665.48314,2022-09,128110.429194,2022-10,120848.269515,2022-11,119640.241911
73,M,MX,TXG_FOB_USD,W00,6,P1M,2022-01,33907.182,2022-02,46237.641,2022-03,51906.049,2022-04,47479.188,2022-05,50004.532,2022-06,51233.789,2022-07,46504.348,2022-08,50669.296,2022-09,52337.792,2022-10,49274.887,2022-11,49310.867
74,M,TG,TXG_FOB_USD,W00,6,P1M,2022-01,65.672557,2022-02,152.376612,2022-03,174.950304,2022-04,191.809908,2022-05,222.311229,2022-06,337.688514,2022-07,266.120034,2022-08,206.04469,2022-09,215.808182,2022-10,183.944728,2022-11,149.785827
75,M,GA,TXG_FOB_USD,W00,6,P1M,2022-01,492.725662,2022-02,463.084099,2022-03,785.433149,2022-04,844.483725,2022-05,781.256415,2022-06,325.62224,2022-07,1070.849494,2022-08,698.354052,2022-09,515.178151,2022-10,383.062077,2022-11,552.765969
76,M,BD,TXG_FOB_USD,W00,6,P1M,2022-01,3674.965159,2022-02,3510.414651,2022-03,4154.271754,2022-04,3744.347088,2022-05,3839.120484,2022-06,4402.797068,2022-07,3708.471024,2022-08,4362.81014,2022-09,4110.590697,2022-10,3881.860964,2022-11,3671.514399
77,M,FJ,TXG_FOB_USD,W00,6,P1M,2022-01,82.014657,2022-02,60.381776,2022-03,57.641808,2022-04,61.179622,2022-05,77.941485,2022-06,69.249739,2022-07,65.027624,2022-08,72.139836,2022-09,82.977258,2022-10,83.193175,2022-11,57.855805
78,M,PE,TXG_FOB_USD,W00,6,P1M,2022-01,5357.340549,2022-02,4795.046369,2022-03,5108.998541,2022-04,4700.576847,2022-05,4595.220731,2022-06,4269.630868,2022-07,5227.273012,2022-08,4668.917475,2022-09,4565.463477,2022-10,4844.650225,2022-11,4662.5961
79,M,BZ,TXG_FOB_USD,W00,6,P1M,2022-01,10.017233,2022-02,12.777567,2022-03,22.364429,2022-04,19.524468,2022-05,31.327859,2022-06,29.833985,2022-07,21.284524,2022-08,17.252626,2022-09,85.485982,2022-10,27.329345,2022-11,23.533697
80,M,IT,TXG_FOB_USD,W00,6,P1M,2022-01,46607.161184,2022-02,53698.749993,2022-03,62468.537136,2022-04,54352.060019,2022-05,59845.387001,2022-06,57784.713966,2022-07,59017.528693,2022-08,41433.301088,2022-09,54519.768505,2022-10,53630.162723,2022-11,54701.211713
81,M,MT,TXG_FOB_USD,W00,6,P1M,2022-01,235.171274,2022-02,235.343864,2022-03,272.317308,2022-04,237.030433,2022-05,258.063759,2022-06,224.465969,2022-07,194.285951,2022-08,269.457193,2022-09,269.889606,2022-10,310.371451,2022-11,369.214761
82,M,TT,TXG_FOB_USD,W00,6,P1M,2022-01,1144.444971,2022-02,890.814397,2022-03,1351.433897,2022-04,1141.980535,2022-05,1237.501679,2022-06,1278.369832,2022-07,774.928546,2022-08,1040.846835,2022-09,916.452228,2022-10,642.330155,2022-11,1012.65995
83,M,EE,TXG_FOB_USD,W00,6,P1M,2022-01,1832.538739,2022-02,1688.99064,2022-03,2182.05637,2022-04,1728.438807,2022-05,2040.047091,2022-06,1942.64289,2022-07,1726.679094,2022-08,1942.340163,2022-09,1925.988144,2022-10,1820.915496,2022-11,1576.336074
84,M,CSH,TXG_FOB_USD,W00,6,P1M,,,,,,,,,,,,,,,,,,,,,,
85,M,NO,TXG_FOB_USD,W00,6,P1M,2022-01,19892.627036,2022-02,19299.734165,2022-03,28215.954184,2022-04,20917.07326,2022-05,20406.70824,2022-06,20122.132066,2022-07,25435.0686,2022-08,33149.739545,2022-09,23379.151019,2022-10,16396.994712,2022-11,19359.76588
86,M,1C_440,TXG_FOB_USD,W00,6,P1M,2022-01,114610.585471,2022-02,116947.218453,2022-03,150640.359655,2022-04,147694.148848,2022-05,146494.556814,2022-06,148498.141891,2022-07,147229.001568,2022-08,143539.731618,2022-09,141835.970533,2022-10,137092.018765,2022-11,133104.358853
87,M,MO,TXG_FOB_USD,W00,6,P1M,2022-01,142.744501,2022-02,94.724077,2022-03,144.390644,2022-04,103.947288,2022-05,113.043699,2022-06,99.268348,2022-07,50.379856,2022-08,147.577665,2022-09,152.926461,2022-10,128.254221,2022-11,103.16125
88,M,CG,TXG_FOB_USD,W00,6,P1M,2022-01,313.043745,2022-02,254.491118,2022-03,326.179722,2022-04,311.866002,2022-05,333.947819,2022-06,352.181796,2022-07,284.072738,2022-08,455.657356,2022-09,342.654178,2022-10,539.783071,2022-11,158.700703
89,M,GL,TXG_FOB_USD,W00,6,P1M,2022-01,63.753734,2022-02,70.929018,2022-03,63.444209,2022-04,76.685852,2022-05,94.056214,2022-06,83.248772,2022-07,89.056391,2022-08,102.922818,2022-09,83.413897,2022-10,97.727067,2022-11,179.075761
90,M,KN,TXG_FOB_USD,W00,6,P1M,2022-01,1.846409,2022-02,2.016594,2022-03,4.776697,2022-04,3.804081,2022-05,2.770528,2022-06,2.09171,2022-07,2.055804,2022-08,1.75315,2022-09,2.242939,2022-10,1.469626,2022-11,1.589531
91,M,SR,TXG_FOB_USD,W00,6,P1M,2022-01,162.794696,2022-02,96.946499,2022-03,179.019565,2022-04,195.323104,2022-05,183.123826,2022-06,167.148359,2022-07,113.132657,2022-08,140.026229,2022-09,124.364015,2022-10,114.822854,2022-11,136.61559
92,M,SD,TXG_FOB_USD,W00,6,P1M,2022-01,71.284307,2022-02,81.255821,2022-03,62.611088,2022-04,96.318574,2022-05,141.74339,2022-06,159.327007,2022-07,117.541674,2022-08,303.489076,2022-09,81.437429,2022-10,319.412388,2022-11,274.083871
93,M,AO,TXG_FOB_USD,W00,6,P1M,2022-01,2911.906259,2022-02,3545.756671,2022-03,4623.403055,2022-04,3706.927599,2022-05,4311.165076,2022-06,3537.977503,2022-07,3484.451753,2022-08,3007.224883,2022-09,2924.355119,2022-10,2982.383443,2022-11,2963.328601
94,M,UG,TXG_FOB_USD,W00,6,P1M,2022-01,246.59759,2022-02,288.835868,2022-03,316.294243,2022-04,295.864452,2022-05,309.0695,2022-06,319.2026,2022-07,299.9244,2022-08,291.9004,2022-09,270.0265,2022-10,295.8907,2022-11,203.78123
95,M,CR,TXG_FOB_USD,W00,6,P1M,2022-01,1156.350309,2022-02,1193.312973,2022-03,1517.576949,2022-04,1590.115692,2022-05,1581.394225,2022-06,1765.415172,2022-07,1542.270872,2022-08,1635.328817,2022-09,1872.134157,2022-10,1865.780797,2022-11,1673.322165
96,M,SI,TXG_FOB_USD,W00,6,P1M,2022-01,4925.15238,2022-02,5029.767486,2022-03,6226.880479,2022-04,5479.805042,2022-05,6095.029672,2022-06,6974.390553,2022-07,5803.651384,2022-08,5255.063772,2022-09,6796.907323,2022-10,5269.716601,2022-11,4328.887042
97,M,BA,TXG_FOB_USD,W00,6,P1M,2022-01,759.132214,2022-02,791.004536,2022-03,890.329746,2022-04,885.515029,2022-05,860.48472,2022-06,845.079032,2022-07,751.258432,2022-08,819.332368,2022-09,874.954154,2022-10,860.836048,2022-11,932.322702
98,M,UY,TXG_FOB_USD,W00,6,P1M,2022-01,734.758123,2022-02,774.703146,2022-03,862.509882,2022-04,860.692815,2022-05,1227.275988,2022-06,1292.766126,2022-07,1216.656497,2022-08,1261.571027,2022-09,972.705128,2022-10,1200.180515,2022-11,866.748775
99,M,TN,TXG_FOB_USD,W00,6,P1M,2022-01,1455.054573,2022-02,1683.31109,2022-03,1723.472929,2022-04,1617.67547,2022-05,1411.950735,2022-06,1670.579077,2022-07,1319.866291,2022-08,1419.861292,2022-09,1776.449618,2022-10,1889.709761,2022-11,1738.875614
100,M,ME,TXG_FOB_USD,W00,6,P1M,2022-01,72.797672,2022-02,73.210533,2022-03,77.28454,2022-04,86.114236,2022-05,60.890576,2022-06,49.16365,2022-07,45.085843,2022-08,43.715385,2022-09,49.627865,2022-10,55.399714,2022-11,47.780962
101,M,F6,TXG_FOB_USD,W00,6,P1M,2022-01,34269.012252,2022-02,37139.399537,2022-03,45240.483764,2022-04,40331.714118,2022-05,42719.564505,2022-06,43951.393667,2022-07,37884.665741,2022-08,37682.175901,2022-09,35223.397317,2022-10,33734.038409,2022-11,31572.540144
102,M,AM,TXG_FOB_USD,W00,6,P1M,2022-01,249.490677,2022-02,256.928972,2022-03,228.551401,2022-04,296.028441,2022-05,355.17314,2022-06,498.381652,2022-07,478.747681,2022-08,565.110081,2022-09,592.580682,2022-10,641.07731,2022-11,587.115149
103,M,AT,TXG_FOB_USD,W00,6,P1M,2022-01,16865.637956,2022-02,17648.261705,2022-03,20125.438186,2022-04,17309.052921,2022-05,18592.538603,2022-06,18272.138883,2022-07,16567.109814,2022-08,15514.099868,2022-09,18022.972259,2022-10,16966.68522,2022-11,19001.381196
104,M,F1,TXG_FOB_USD,W00,6,P1M,2022-01,43671.947349,2022-02,46859.231767,2022-03,56771.387408,2022-04,51510.15441,2022-05,53914.72079,2022-06,55898.727704,2022-07,47350.035179,2022-08,49362.680289,2022-09,46877.194152,2022-10,47944.174478,2022-11,42909.557063
105,M,LA,TXG_FOB_USD,W00,6,P1M,2022-01,820.426712,2022-02,708.782898,2022-03,885.620628,2022-04,883.626539,2022-05,700.441421,2022-06,823.509614,2022-07,716.711105,2022-08,844.351121,2022-09,769.221794,2022-10,716.868875,2022-11,756.877278
106,M,BE,TXG_FOB_USD,W00,6,P1M,2022-01,50314.534972,2022-02,51436.89366,2022-03,59445.4495,2022-04,50296.634082,2022-05,55163.463008,2022-06,54226.533961,2022-07,49830.571149,2022-08,51281.572642,2022-09,56627.533035,2022-10,51236.402591,2022-11,49391.706775
107,M,SA,TXG_FOB_USD,W00,6,P1M,2022-01,28695.118799,2022-02,28872.810695,2022-03,37886.62989,2022-04,36563.814721,2022-05,38436.363908,2022-06,39399.118081,2022-07,37549.59763,2022-08,35664.019529,2022-09,33242.82808,2022-10,32187.32519,2022-11,30071.117475
108,M,YUC,TXG_FOB_USD,W00,6,P1M,,,,,,,,,,,,,,,,,,,,,,
109,M,E1,TXG_FOB_USD,W00,6,P1M,2022-01,148958.066467,2022-02,151218.967488,2022-03,161142.807112,2022-04,164328.388058,2022-05,151956.798689,2022-06,164713.103751,2022-07,150830.796777,2022-08,164446.899108,2022-09,176829.081422,2022-10,162540.184407,2022-11,160549.287692
110,M,GT,TXG_FOB_USD,W00,6,P1M,2022-01,1212.552316,2022-02,1282.251519,2022-03,1554.153841,2022-04,1309.703724,2022-05,1395.02155,2022-06,1429.01231,2022-07,1407.724556,2022-08,1286.50691,2022-09,1197.825232,2022-10,1185.321233,2022-11,1168.383692
111,M,SUH,TXG_FOB_USD,W00,6,P1M,,,,,,,,,,,,,,,,,,,,,,
112,M,GQ,TXG_FOB_USD,W00,6,P1M,2022-01,630.118378,2022-02,501.862643,2022-03,639.776372,2022-04,670.024523,2022-05,881.043712,2022-06,475.553557,2022-07,921.303107,2022-08,585.28584,2022-09,748.872629,2022-10,704.06909,2022-11,751.259485
113,M,PT,TXG_FOB_USD,W00,6,P1M,2022-01,6349.888613,2022-02,6760.501561,2022-03,7279.154517,2022-04,6704.028481,2022-05,7894.697609,2022-06,7453.720485,2022-07,7267.420438,2022-08,5811.307914,2022-09,6784.252395,2022-10,6622.789766,2022-11,5668.610955
114,M,PL,TXG_FOB_USD,W00,6,P1M,2022-01,29080.86973,2022-02,29746.809029,2022-03,31324.693081,2022-04,29832.989487,2022-05,30922.138763,2022-06,30794.993864,2022-07,27788.130479,2022-08,28117.196286,2022-09,30324.268707,2022-10,30373.873946,2022-11,30539.483138
115,M,GE,TXG_FOB_USD,W00,6,P1M,2022-01,331.346114,2022-02,429.024092,2022-03,411.408319,2022-04,415.734634,2022-05,522.625043,2022-06,448.450578,2022-07,542.134208,2022-08,473.303198,2022-09,523.169857,2022-10,448.736252,2022-11,491.076637
116,M,MV,TXG_FOB_USD,W00,6,P1M,2022-01,19.864585,2022-02,15.558341,2022-03,14.910672,2022-04,12.172864,2022-05,13.626213,2022-06,15.962926,2022-07,5.332487,2022-08,8.414569,2022-09,10.724903,2022-10,12.201639,2022-11,10.851731
117,M,AU,TXG_FOB_USD,W00,6,P1M,2022-01,30427.539317,2022-02,29417.424326,2022-03,34520.651579,2022-04,35255.117975,2022-05,37248.7738,2022-06,40835.726839,2022-07,32513.935247,2022-08,34884.948819,2022-09,35567.735195,2022-10,33362.160718,2022-11,33095.065667
118,M,RW,TXG_FOB_USD,W00,6,P1M,2022-01,75.414985,2022-02,97.68438,2022-03,96.232932,2022-04,108.305663,2022-05,107.914396,2022-06,138.76191,2022-07,114.427012,2022-08,132.580043,2022-09,140.221361,2022-10,252.311607,2022-11,129.797797
119,M,FI,TXG_FOB_USD,W00,6,P1M,2022-01,6528.960905,2022-02,6505.744389,2022-03,7706.893973,2022-04,7184.263678,2022-05,7443.860234,2022-06,7640.428682,2022-07,6751.535019,2022-08,6786.004452,2022-09,7127.736722,2022-10,6700.809122,2022-11,6358.805351
120,M,GH,TXG_FOB_USD,W00,6,P1M,2022-01,1621.942736,2022-02,2025.401099,2022-03,1496.871608,2022-04,3617.033011,2022-05,2238.285042,2022-06,2364.443198,2022-07,2141.180149,2022-08,2354.156434,2022-09,1849.123077,2022-10,2343.149488,2022-11,1844.061498
121,M,IS,TXG_FOB_USD,W00,6,P1M,2022-01,588.335964,2022-02,528.970402,2022-03,672.221834,2022-04,569.312791,2022-05,707.096717,2022-06,660.475194,2022-07,553.896821,2022-08,679.118248,2022-09,641.907266,2022-10,547.528082,2022-11,544.093189
122,M,GW,TXG_FOB_USD,W00,6,P1M,2022-01,17.73863,2022-02,24.955021,2022-03,22.626914,2022-04,9.292705,2022-05,10.758837,2022-06,8.320891,2022-07,8.698019,2022-08,29.918478,2022-09,90.364406,2022-10,62.653172,2022-11,38.264948
123,M,FO,TXG_FOB_USD,W00,6,P1M,2022-01,137.609698,2022-02,133.515567,2022-03,177.417172,2022-04,169.408634,2022-05,215.311712,2022-06,178.511081,2022-07,153.873467,2022-08,221.065839,2022-09,168.86532,2022-10,164.571871,2022-11,146.93397
124,M,CO,TXG_FOB_USD,W00,6,P1M,2022-01,3801.019747,2022-02,4208.688454,2022-03,4956.44984,2022-04,5459.814992,2022-05,4661.726837,2022-06,5548.507197,2022-07,5912.811683,2022-08,4495.850771,2022-09,4777.619978,2022-10,4225.664563,2022-11,4560.636045
125,M,ZA,TXG_FOB_USD,W00,6,P1M,2022-01,8481.645388,2022-02,9396.524856,2022-03,12419.395949,2022-04,10203.727252,2022-05,11344.512481,2022-06,11638.433633,2022-07,10490.359671,2022-08,10402.35859,2022-09,10923.595686,2022-10,8800.768732,2022-11,9838.91902
126,M,DE2,TXG_FOB_USD,W00,6,P1M,,,,,,,,,,,,,,,,,,,,,,
127,M,CZ,TXG_FOB_USD,W00,6,P1M,2022-01,19739.676165,2022-02,19053.468452,2022-03,21701.670916,2022-04,18838.872877,2022-05,20610.663181,2022-06,21568.747184,2022-07,17497.284581,2022-08,18821.916559,2022-09,21269.330764,2022-10,20188.389972,2022-11,19582.290373
128,M,XR29,TXG_FOB_USD,W00,6,P1M,2022-01,1067918.881507,2022-02,1086860.487358,2022-03,1264331.307456,2022-04,1139431.887594,2022-05,1196894.068689,2022-06,1214415.940797,2022-07,1152476.247144,2022-08,1137604.293778,2022-09,1188543.373431,2022-10,1135276.874217,2022-11,1119570.076568
129,M,CN,TXG_FOB_USD,W00,6,P1M,2022-01,327284.14136,2022-02,217416.21448,2022-03,276082.93157,2022-04,273617.65841,2022-05,308243.79857,2022-06,331261.24595,2022-07,332960.41493,2022-08,314918.67343,2022-09,322752.62452,2022-10,298370.13869,2022-11,295498.19435
130,M,NP,TXG_FOB_USD,W00,6,P1M,2022-01,119.128784,2022-02,126.177478,2022-03,123.370323,2022-04,121.495256,2022-05,94.685446,2022-06,105.657339,2022-07,116.908677,2022-08,123.011235,2022-09,113.380379,2022-10,98.78747,2022-11,116.912219
131,M,SG,TXG_FOB_USD,W00,6,P1M,2022-01,40665.773508,2022-02,38680.707211,2022-03,46453.688086,2022-04,44252.133493,2022-05,43499.707978,2022-06,46440.736075,2022-07,46125.30905,2022-08,45804.654418,2022-09,44208.81112,2022-10,40039.420222,2022-11,39164.733967
132,M,CD,TXG_FOB_USD,W00,6,P1M,2022-01,2673.727699,2022-02,2359.795802,2022-03,4517.040213,2022-04,3532.01126,2022-05,2262.71645,2022-06,2032.232606,2022-07,2908.652325,2022-08,2562.836817,2022-09,1873.416177,2022-10,2047.651364,2022-11,1753.394407
133,M,SL,TXG_FOB_USD,W00,6,P1M,2022-01,34.614073,2022-02,34.00499,2022-03,48.211198,2022-04,37.601085,2022-05,40.034888,2022-06,42.73999,2022-07,69.057079,2022-08,36.861306,2022-09,37.05273,2022-10,34.559819,2022-11,36.522581
134,M,DZ,TXG_FOB_USD,W00,6,P1M,2022-01,4019.403141,2022-02,4040.036843,2022-03,5169.013882,2022-04,5300.499497,2022-05,5695.53793,2022-06,5944.216145,2022-07,5093.43643,2022-08,6642.142159,2022-09,5764.250188,2022-10,5781.34006,2022-11,5717.806641
135,M,SB,TXG_FOB_USD,W00,6,P1M,2022-01,27.556577,2022-02,45.165788,2022-03,30.14037,2022-04,33.011729,2022-05,29.39378,2022-06,30.306008,2022-07,24.366819,2022-08,30.794195,2022-09,43.674679,2022-10,26.388248,2022-11,38.667741
136,M,MW,TXG_FOB_USD,W00,6,P1M,2022-01,95.384428,2022-02,115.86544,2022-03,99.715938,2022-04,87.126546,2022-05,74.70439,2022-06,83.379674,2022-07,64.707979,2022-08,63.09953,2022-09,82.882269,2022-10,125.577551,2022-11,83.145962
137,M,AR,TXG_FOB_USD,W00,6,P1M,2022-01,5495.516471,2022-02,6407.390247,2022-03,7291.854734,2022-04,8313.08824,2022-05,8213.542114,2022-06,8420.789123,2022-07,7793.111681,2022-08,7466.501044,2022-09,7314.401522,2022-10,7415.333111,2022-11,6632.173746
138,M,JP,TXG_FOB_USD,W00,6,P1M,2022-01,55129.134343,2022-02,62406.700355,2022-03,71386.842443,2022-04,63978.453225,2022-05,56270.252592,2022-06,64386.729205,2022-07,64039.313302,2022-08,59596.714126,2022-09,61554.970881,2022-10,61210.856845,2022-11,61691.536629
139,M,US,TXG_FOB_USD,W00,6,P1M,2022-01,147299.230326,2022-02,150880.07591,2022-03,179455.924346,2022-04,172936.675473,2022-05,177917.472374,2022-06,182631.481159,2022-07,175717.650566,2022-08,181048.192139,2022-09,176036.078362,2022-10,180548.656796,2022-11,170764.919087
140,M,IQ,TXG_FOB_USD,W00,6,P1M,2022-01,8680.659734,2022-02,8749.357504,2022-03,11284.476488,2022-04,10634.851821,2022-05,11667.524001,2022-06,11409.2061,2022-07,11738.376304,2022-08,10599.274384,2022-09,10501.572362,2022-10,9919.185674,2022-11,9706.674289
141,M,NC,TXG_FOB_USD,W00,6,P1M,2022-01,123.142366,2022-02,137.87359,2022-03,86.042067,2022-04,218.006731,2022-05,288.185405,2022-06,295.129078,2022-07,262.830162,2022-08,205.687164,2022-09,141.450637,2022-10,267.535019,2022-11,173.55945
142,M,KG,TXG_FOB_USD,W00,6,P1M,2022-01,117.294414,2022-02,135.931978,2022-03,120.470386,2022-04,139.588462,2022-05,201.012082,2022-06,231.868658,2022-07,128.300366,2022-08,145.301043,2022-09,143.690896,2022-10,485.708978,2022-11,1075.091293
143,M,EC,TXG_FOB_USD,W00,6,P1M,2022-01,2455.625816,2022-02,2762.483874,2022-03,3589.765893,2022-04,3670.512051,2022-05,4291.444584,2022-06,4036.03375,2022-07,3769.937246,2022-08,4302.910089,2022-09,4639.351664,2022-10,2849.77103,2022-11,4187.380892
144,M,A10,TXG_FOB_USD,W00,6,P1M,2022-01,89005.669416,2022-02,105288.031984,2022-03,123706.969902,2022-04,118462.007315,2022-05,123134.373093,2022-06,127907.497924,2022-07,119165.105829,2022-08,122995.170304,2022-09,121881.737718,2022-10,114111.517443,2022-11,115990.709011
145,M,KW,TXG_FOB_USD,W00,6,P1M,2022-01,5334.246563,2022-02,6839.078489,2022-03,8640.705594,2022-04,7415.532627,2022-05,7941.743169,2022-06,7305.301527,2022-07,8671.028255,2022-08,5894.269346,2022-09,6500.098798,2022-10,7021.088125,2022-11,5907.567973
146,M,BY,TXG_FOB_USD,W00,6,P1M,2022-01,3299.0999,2022-02,3000.6694,2022-03,2427.0197,2022-04,2474.7097,2022-05,2775.0929,2022-06,3160.0903,2022-07,3978.227982,2022-08,3402.410485,2022-09,6568.770836,2022-10,3236.545149,2022-11,2867.466231
147,M,BJ,TXG_FOB_USD,W00,6,P1M,2022-01,64.492035,2022-02,88.111068,2022-03,111.406025,2022-04,81.070973,2022-05,133.861329,2022-06,145.395407,2022-07,227.485193,2022-08,173.651457,2022-09,130.559601,2022-10,75.912769,2022-11,62.417429
148,M,GD,TXG_FOB_USD,W00,6,P1M,2022-01,0.947015,2022-02,1.35549,2022-03,2.444288,2022-04,1.974385,2022-05,1.963098,2022-06,1.755535,2022-07,1.61761,2022-08,1.071338,2022-09,0.984704,2022-10,1.445387,2022-11,1.262925
149,M,RS,TXG_FOB_USD,W00,6,P1M,2022-01,2008.992461,2022-02,2283.600686,2022-03,2703.298688,2022-04,2386.624394,2022-05,2488.13934,2022-06,2528.991198,2022-07,2916.839792,2022-08,2576.846666,2022-09,2273.286836,2022-10,2118.170633,2022-11,2629.277495
150,M,IR,TXG_FOB_USD,W00,6,P1M,2022-01,1680.234887,2022-02,1535.377542,2022-03,1848.662326,2022-04,1532.652875,2022-05,1757.868982,2022-06,1997.144891,2022-07,1421.813193,2022-08,1516.086128,2022-09,1378.731055,2022-10,1332.11176,2022-11,1362.063132
151,M,PH,TXG_FOB_USD,W00,6,P1M,2022-01,6045.941073,2022-02,6200.982155,2022-03,7175.329586,2022-04,6141.569983,2022-05,6319.256581,2022-06,7157.880114,2022-07,6815.679118,2022-08,7327.651521,2022-09,7147.939982,2022-10,7705.853176,2022-11,7096.475413
152,M,CH,TXG_FOB_USD,W00,6,P1M,2022-01,31689.627952,2022-02,34979.032252,2022-03,38520.849335,2022-04,28939.615107,2022-05,32778.108022,2022-06,31650.960271,2022-07,35426.018014,2022-08,31025.234181,2022-09,36419.271784,2022-10,33782.956492,2022-11,33760.486502
153,M,BH,TXG_FOB_USD,W00,6,P1M,2022-01,2441.209772,2022-02,1601.856632,2022-03,2042.341447,2022-04,2385.830745,2022-05,2565.077973,2022-06,2594.318989,2022-07,2038.836132,2022-08,2598.24683,2022-09,2293.628849,2022-10,1723.415961,2022-11,1655.809806
154,M,HR,TXG_FOB_USD,W00,6,P1M,2022-01,1709.730194,2022-02,1899.677513,2022-03,2172.961876,2022-04,2012.375817,2022-05,2165.673679,2022-06,2288.909731,2022-07,2205.892572,2022-08,1913.43433,2022-09,2466.138623,2022-10,2083.507297,2022-11,2018.965195
155,M,TM,TXG_FOB_USD,W00,6,P1M,2022-01,868.531757,2022-02,936.719412,2022-03,856.575922,2022-04,949.054464,2022-05,1101.605662,2022-06,1006.236292,2022-07,1014.390648,2022-08,1232.53936,2022-09,1236.832681,2022-10,1079.890347,2022-11,1265.307415
156,M,GB,TXG_FOB_USD,W00,6,P1M,2022-01,35001.962608,2022-02,39821.735618,2022-03,44430.942281,2022-04,39049.382828,2022-05,45366.177382,2022-06,40329.245258,2022-07,44063.373274,2022-08,45741.628395,2022-09,47891.917642,2022-10,46474.990883,2022-11,45852.47047
157,M,TO,TXG_FOB_USD,W00,6,P1M,2022-01,0.691145,2022-02,1.512614,2022-03,0.855813,2022-04,1.020447,2022-05,1.083664,2022-06,1.633237,2022-07,1.795904,2022-08,1.581412,2022-09,1.850839,2022-10,1.991366,2022-11,3.079749
158,M,UA,TXG_FOB_USD,W00,6,P1M,2022-01,6020.568873,2022-02,5430.015399,2022-03,2654.090357,2022-04,2673.554497,2022-05,2931.041396,2022-06,3177.236124,2022-07,2928.42325,2022-08,3361.786597,2022-09,4143.403317,2022-10,3838.348294,2022-11,4401.626643
159,M,1C_198,TXG_FOB_USD,W00,6,P1M,,,,,,,,,,,,,,,,,,,,,,
160,M,OM,TXG_FOB_USD,W00,6,P1M,2022-01,1763.361921,2022-02,1516.429066,2022-03,1811.698445,2022-04,1828.282002,2022-05,2254.350995,2022-06,2174.247513,2022-07,1997.631261,2022-08,1660.722948,2022-09,2118.9898,2022-10,1780.702327,2022-11,1711.273354
161,M,MU,TXG_FOB_USD,W00,6,P1M,2022-01,108.906132,2022-02,97.561104,2022-03,149.980371,2022-04,136.843171,2022-05,132.304377,2022-06,142.904558,2022-07,139.960701,2022-08,139.617073,2022-09,151.206001,2022-10,144.333658,2022-11,144.557554
162,M,CA,TXG_FOB_USD,W00,6,P1M,2022-01,43448.194446,2022-02,42583.878851,2022-03,53902.663751,2022-04,50506.409943,2022-05,55046.478147,2022-06,56146.944405,2022-07,51066.733039,2022-08,51942.476569,2022-09,49640.469176,2022-10,48613.773026,2022-11,47912.58084
163,M,NE,TXG_FOB_USD,W00,6,P1M,2022-01,39.336579,2022-02,53.281903,2022-03,94.981277,2022-04,46.586919,2022-05,38.487592,2022-06,42.04824,2022-07,27.156278,2022-08,23.942278,2022-09,47.497927,2022-10,34.970342,2022-11,28.712531
164,M,HN,TXG_FOB_USD,W00,6,P1M,2022-01,516.082409,2022-02,644.390853,2022-03,762.302652,2022-04,667.07893,2022-05,704.035685,2022-06,686.911091,2022-07,617.36468,2022-08,658.112669,2022-09,590.252051,2022-10,523.222648,2022-11,566.770085
165,M,DJ,TXG_FOB_USD,W00,6,P1M,2022-01,50.301317,2022-02,44.891838,2022-03,38.048862,2022-04,38.250468,2022-05,74.501016,2022-06,47.521889,2022-07,30.221948,2022-08,33.956308,2022-09,45.30486,2022-10,41.388206,2022-11,63.6636
166,M,KE,TXG_FOB_USD,W00,6,P1M,2022-01,490.811223,2022-02,468.902765,2022-03,677.906989,2022-04,573.395457,2022-05,704.70493,2022-06,586.350093,2022-07,658.93942,2022-08,879.712363,2022-09,718.725936,2022-10,687.539044,2022-11,670.042034
167,M,YE,TXG_FOB_USD,W00,6,P1M,2022-01,6.833436,2022-02,6.636276,2022-03,10.781327,2022-04,12.499088,2022-05,6.810211,2022-06,19.417394,2022-07,3.649148,2022-08,9.013115,2022-09,3.360669,2022-10,2.401229,2022-11,6.312238
168,M,BR,TXG_FOB_USD,W00,6,P1M,2022-01,19780.390403,2022-02,23513.664731,2022-03,29409.587271,2022-04,28963.029041,2022-05,29648.65329,2022-06,32743.972401,2022-07,29845.679696,2022-08,30781.272695,2022-09,28626.954294,2022-10,26868.169983,2022-11,27636.417588
169,M,EG,TXG_FOB_USD,W00,6,P1M,2022-01,4006.215475,2022-02,4076.509603,2022-03,5353.188081,2022-04,4673.32914,2022-05,3919.733943,2022-06,3082.625933,2022-07,3135.682286,2022-08,3341.385669,2022-09,4142.53926,2022-10,2590.564532,2022-11,3312.781606
170,M,VE,TXG_FOB_USD,W00,6,P1M,2022-01,281.628956,2022-02,284.209792,2022-03,343.968348,2022-04,296.485988,2022-05,376.845129,2022-06,305.574986,2022-07,622.609489,2022-08,427.179773,2022-09,348.566721,2022-10,256.478946,2022-11,363.880299
171,M,MA,TXG_FOB_USD,W00,6,P1M,2022-01,3260.042613,2022-02,3438.966906,2022-03,3889.484302,2022-04,3867.182825,2022-05,3597.112887,2022-06,3769.942777,2022-07,2743.795085,2022-08,2883.954881,2022-09,3647.205487,2022-10,5883.986917,2022-11,3286.835299
172,M,AZ,TXG_FOB_USD,W00,6,P1M,2022-01,3086.6641,2022-02,2881.0008,2022-03,2013.3256,2022-04,3838.4897,2022-05,3592.8773,2022-06,3062.5578,2022-07,4085.4871,2022-08,3679.7759,2022-09,3276.3529,2022-10,5190.1807,2022-11,1628.6422
173,M,RO,TXG_FOB_USD,W00,6,P1M,2022-01,7646.502898,2022-02,7985.262737,2022-03,9064.59436,2022-04,7452.092694,2022-05,8456.155252,2022-06,8310.81636,2022-07,8039.610007,2022-08,7736.987295,2022-09,8485.842534,2022-10,7834.535423,2022-11,7391.02842
174,M,NI,TXG_FOB_USD,W00,6,P1M,2022-01,642.592086,2022-02,637.947754,2022-03,736.119626,2022-04,702.285307,2022-05,701.099286,2022-06,743.180201,2022-07,736.401484,2022-08,884.354511,2022-09,766.880661,2022-10,736.17301,2022-11,675.607319
175,M,XS25,TXG_FOB_USD,W00,6,P1M,2022-01,477924.131561,2022-02,363924.19428,2022-03,460849.375385,2022-04,445503.039007,2022-05,471453.2446,2022-06,511639.595332,2022-07,500102.167257,2022-08,492039.543473,2022-09,489756.944355,2022-10,455378.772951,2022-11,454951.553932
176,M,TR,TXG_FOB_USD,W00,6,P1M,2022-01,17553.879908,2022-02,19904.524797,2022-03,22609.679314,2022-04,23331.781055,2022-05,18935.0102,2022-06,23360.51727,2022-07,18489.138461,2022-08,21278.049202,2022-09,22590.911391,2022-10,21317.990924,2022-11,21890.10541
177,M,VN,TXG_FOB_USD,W00,6,P1M,2022-01,30497.008579,2022-02,23050.865621,2022-03,34071.95548,2022-04,32788.615966,2022-05,30451.402436,2022-06,32333.202397,2022-07,30230.559604,2022-08,34279.797605,2022-09,29463.286733,2022-10,30056.96858,2022-11,28492.244158
178,M,SV,TXG_FOB_USD,W00,6,P1M,2022-01,578.892706,2022-02,576.591544,2022-03,720.246567,2022-04,566.839052,2022-05,638.507863,2022-06,625.884272,2022-07,678.400614,2022-08,575.995469,2022-09,584.620867,2022-10,560.656022,2022-11,530.571561
179,M,JM,TXG_FOB_USD,W00,6,P1M,2022-01,66.089438,2022-02,81.029758,2022-03,82.771617,2022-04,67.845291,2022-05,83.333119,2022-06,87.879808,2022-07,105.269794,2022-08,93.046286,2022-09,71.818529,2022-10,109.662977,2022-11,120.874625
180,M,TZ,TXG_FOB_USD,W00,6,P1M,2022-01,880.533069,2022-02,968.031447,2022-03,646.925188,2022-04,1026.8552,2022-05,760.294848,2022-06,660.475674,2022-07,670.187782,2022-08,653.868256,2022-09,657.516456,2022-10,809.928637,2022-11,755.515935
181,M,ML,TXG_FOB_USD,W00,6,P1M,2022-01,439.158098,2022-02,404.827367,2022-03,473.948126,2022-04,309.523157,2022-05,458.000544,2022-06,463.123825,2022-07,435.068136,2022-08,443.270009,2022-09,452.09145,2022-10,454.467433,2022-11,578.906449
182,M,BN,TXG_FOB_USD,W00,6,P1M,2022-01,1182.011119,2022-02,975.895452,2022-03,1132.066029,2022-04,1281.554869,2022-05,1296.142308,2022-06,1327.620888,2022-07,1332.915788,2022-08,1425.084001,2022-09,1244.16831,2022-10,630.530554,2022-11,869.642552
183,M,MK,TXG_FOB_USD,W00,6,P1M,2022-01,618.117715,2022-02,760.32779,2022-03,796.467412,2022-04,739.908825,2022-05,775.919951,2022-06,785.555911,2022-07,682.427216,2022-08,637.679575,2022-09,754.131905,2022-10,759.738899,2022-11,731.189094
184,M,SC,TXG_FOB_USD,W00,6,P1M,2022-01,74.304905,2022-02,83.13328,2022-03,84.923438,2022-04,78.553084,2022-05,102.990177,2022-06,101.545672,2022-07,76.518001,2022-08,85.615211,2022-09,76.781578,2022-10,106.134423,2022-11,81.973843
185,M,1C_903,TXG_FOB_USD,W00,6,P1M,2022-01,148958.066467,2022-02,151218.967488,2022-03,161142.807112,2022-04,164328.388058,2022-05,151956.798689,2022-06,164713.103751,2022-07,150830.796777,2022-08,164446.899108,2022-09,176829.081422,2022-10,162540.184407,2022-11,160549.287692
186,M,LR,TXG_FOB_USD,W00,6,P1M,2022-01,20.612447,2022-02,19.492323,2022-03,17.502794,2022-04,16.776398,2022-05,18.949473,2022-06,38.201974,2022-07,14.70098,2022-08,23.91308,2022-09,32.213967,2022-10,14.313369,2022-11,17.137538
187,M,MM,TXG_FOB_USD,W00,6,P1M,2022-01,1349.729582,2022-02,1431.573574,2022-03,1629.458657,2022-04,1523.336048,2022-05,1520.621892,2022-06,1557.540714,2022-07,1402.878446,2022-08,1612.598689,2022-09,2082.98042,2022-10,1955.586036,2022-11,2100.675513
188,M,R1,TXG_FOB_USD,W00,6,P1M,,,,,,,,,,,,,,,,,,,,,,
189,M,ES,TXG_FOB_USD,W00,6,P1M,2022-01,31569.008023,2022-02,34490.692322,2022-03,37957.540858,2022-04,34319.063878,2022-05,37366.808783,2022-06,38373.984951,2022-07,33304.218271,2022-08,29403.258876,2022-09,35210.344793,2022-10,32533.202374,2022-11,35028.885579
190,M,1C_459,TXG_FOB_USD,W00,6,P1M,,,,,,,,,,,,,,,,,,,,,,
191,M,HK,TXG_FOB_USD,W00,6,P1M,2022-01,61195.566919,2022-02,42098.188176,2022-03,50533.784903,2022-04,51038.240087,2022-05,51587.069039,2022-06,51911.278767,2022-07,52406.224074,2022-08,52265.049702,2022-09,53821.244717,2022-10,49281.632148,2022-11,49909.598261
192,M,KM,TXG_FOB_USD,W00,6,P1M,2022-01,3.968697,2022-02,3.419333,2022-03,2.824686,2022-04,3.514935,2022-05,1.968164,2022-06,16.433174,2022-07,1.732064,2022-08,1.768538,2022-09,2.165658,2022-10,2.948257,2022-11,3.591271
193,M,MG,TXG_FOB_USD,W00,6,P1M,2022-01,375.802914,2022-02,372.864721,2022-03,430.194838,2022-04,394.671967,2022-05,453.74846,2022-06,380.192463,2022-07,409.26129,2022-08,372.648413,2022-09,291.447442,2022-10,253.180282,2022-11,297.326046
194,M,MZ,TXG_FOB_USD,W00,6,P1M,2022-01,629.691334,2022-02,502.935996,2022-03,568.6622,2022-04,698.395339,2022-05,516.474259,2022-06,660.519101,2022-07,617.16679,2022-08,621.359187,2022-09,516.691269,2022-10,601.443188,2022-11,694.139655
195,M,WS,TXG_FOB_USD,W00,6,P1M,2022-01,1.124201,2022-02,3.36779,2022-03,2.475597,2022-04,2.010973,2022-05,2.019998,2022-06,3.320699,2022-07,1.94086,2022-08,2.714745,2022-09,2.676004,2022-10,3.96048,2022-11,5.13003
196,M,GR,TXG_FOB_USD,W00,6,P1M,2022-01,3881.310202,2022-02,4167.64623,2022-03,5006.185158,2022-04,4472.456134,2022-05,5084.288368,2022-06,5744.553008,2022-07,5086.742793,2022-08,4879.65391,2022-09,4715.892015,2022-10,4687.98812,2022-11,4927.122835
197,M,KR,TXG_FOB_USD,W00,6,P1M,2022-01,55459.632,2022-02,54158.149,2022-03,63790.098,2022-04,57849.509,2022-05,61592.23,2022-06,57683.917,2022-07,60257.502,2022-08,56647.069,2022-09,57191.591,2022-10,52437.057,2022-11,51889.856
198,M,SY,TXG_FOB_USD,W00,6,P1M,2022-01,51.951799,2022-02,61.030216,2022-03,79.82977,2022-04,112.806246,2022-05,62.878551,2022-06,74.403265,2022-07,58.990278,2022-08,108.015914,2022-09,102.033294,2022-10,79.275588,2022-11,142.737992
199,M,CV,TXG_FOB_USD,W00,6,P1M,2022-01,2.39084,2022-02,5.053842,2022-03,4.841851,2022-04,2.717975,2022-05,5.770864,2022-06,4.79986,2022-07,4.317831,2022-08,6.514022,2022-09,4.282245,2022-10,5.520156,2022-11,24.980106
200,M,SN,TXG_FOB_USD,W00,6,P1M,2022-01,469.229653,2022-02,393.122709,2022-03,572.163217,2022-04,382.535564,2022-05,489.578596,2022-06,551.749905,2022-07,484.882591,2022-08,574.868855,2022-09,621.198755,2022-10,453.29305,2022-11,410.739224
201,M,DE,TXG_FOB_USD,W00,6,P1M,2022-01,126269.058531,2022-02,141150.249886,2022-03,153950.516365,2022-04,134355.6075,2022-05,143561.870952,2022-06,143804.034027,2022-07,129908.664611,2022-08,130400.986879,2022-09,140808.692764,2022-10,132890.329223,2022-11,132224.902902
202,M,LB,TXG_FOB_USD,W00,6,P1M,2022-01,686.455056,2022-02,806.095106,2022-03,924.438177,2022-04,1453.353371,2022-05,1066.899196,2022-06,1363.506324,2022-07,879.844222,2022-08,1134.588729,2022-09,1141.890779,2022-10,1386.077959,2022-11,940.694981
203,M,LY,TXG_FOB_USD,W00,6,P1M,2022-01,3269.921938,2022-02,3588.15561,2022-03,4361.848069,2022-04,4783.912792,2022-05,3403.669086,2022-06,3521.985663,2022-07,2781.129038,2022-08,4436.66677,2022-09,4208.159766,2022-10,4278.567377,2022-11,3061.319846
204,M,IL,TXG_FOB_USD,W00,6,P1M,2022-01,5736.3,2022-02,5866,2022-03,6653,2022-04,6087.6,2022-05,5983.3,2022-06,6819.9,2022-07,5444.2,2022-08,6089,2022-09,5473.6,2022-10,4651.653249,2022-11,5132.644347
205,M,IN,TXG_FOB_USD,W00,6,P1M,2022-01,35189.175817,2022-02,37123.222971,2022-03,44489.307538,2022-04,39770.064659,2022-05,39068.609863,2022-06,42370.931318,2022-07,38484.518033,2022-08,36912.648166,2022-09,35423.089875,2022-10,31454.094587,2022-11,34841.073567
206,M,JO,TXG_FOB_USD,W00,6,P1M,2022-01,791.468782,2022-02,755.072454,2022-03,792.151964,2022-04,834.864362,2022-05,969.152031,2022-06,854.584679,2022-07,801.487378,2022-08,1055.632334,2022-09,938.207657,2022-10,1023.700425,2022-11,709.94002
207,M,FK,TXG_FOB_USD,W00,6,P1M,2022-01,19.547605,2022-02,17.375599,2022-03,24.567725,2022-04,30.268475,2022-05,46.670162,2022-06,63.144464,2022-07,33.951542,2022-08,18.285339,2022-09,15.428651,2022-10,31.623644,2022-11,28.478017
208,M,TL,TXG_FOB_USD,W00,6,P1M,2022-01,5.173285,2022-02,54.2956,2022-03,6.301945,2022-04,7.130606,2022-05,4.589951,2022-06,3.894527,2022-07,47.190328,2022-08,16.740692,2022-09,91.984969,2022-10,10.779158,2022-11,83.2781
209,M,NA,TXG_FOB_USD,W00,6,P1M,2022-01,577.849408,2022-02,534.273009,2022-03,559.370677,2022-04,512.173504,2022-05,520.489133,2022-06,589.671812,2022-07,433.117764,2022-08,431.766118,2022-09,551.095676,2022-10,588.194142,2022-11,426.350737
210,M,SM,TXG_FOB_USD,W00,6,P1M,2022-01,12.216581,2022-02,14.379054,2022-03,19.77435,2022-04,17.159658,2022-05,18.932073,2022-06,17.643283,2022-07,16.455546,2022-08,13.787081,2022-09,16.732793,2022-10,18.960717,2022-11,19.843201
211,M,CW,TXG_FOB_USD,W00,6,P1M,2022-01,16.309711,2022-02,17.329071,2022-03,17.200213,2022-04,20.089076,2022-05,16.449531,2022-06,17.479202,2022-07,14.893364,2022-08,50.105044,2022-09,13.384002,2022-10,15.513066,2022-11,19.282992
212,M,BT,TXG_FOB_USD,W00,6,P1M,2022-01,58.182281,2022-02,50.102759,2022-03,58.815758,2022-04,46.806684,2022-05,71.795181,2022-06,55.493629,2022-07,55.896221,2022-08,58.690836,2022-09,54.164961,2022-10,48.672671,2022-11,51.097741
213,M,PS,TXG_FOB_USD,W00,6,P1M,2022-01,266.626932,2022-02,185.308639,2022-03,236.967606,2022-04,119.364134,2022-05,38.349583,2022-06,128.53327,2022-07,59.401223,2022-08,120.869976,2022-09,100.328668,2022-10,139.976285,2022-11,144.025199
214,M,KI,TXG_FOB_USD,W00,6,P1M,2022-01,1.608486,2022-02,0.754748,2022-03,22.461709,2022-04,22.964837,2022-05,37.139944,2022-06,7.477884,2022-07,6.956848,2022-08,25.103831,2022-09,11.95128,2022-10,23.799029,2022-11,12.137299
215,M,NR,TXG_FOB_USD,W00,6,P1M,2022-01,14.76323,2022-02,25.078116,2022-03,26.907027,2022-04,25.29621,2022-05,24.497621,2022-06,16.083155,2022-07,15.87713,2022-08,23.297984,2022-09,25.714929,2022-10,20.648928,2022-11,20.535551
216,M,SX,TXG_FOB_USD,W00,6,P1M,2022-01,14.384047,2022-02,12.148209,2022-03,8.707897,2022-04,13.548363,2022-05,6.084455,2022-06,4.012465,2022-07,2.768304,2022-08,5.271393,2022-09,2.452798,2022-10,6.016207,2022-11,14.6085
217,M,LS,TXG_FOB_USD,W00,6,P1M,2022-01,102.04209,2022-02,93.429787,2022-03,104.163558,2022-04,84.604492,2022-05,81.082068,2022-06,86.597586,2022-07,140.653638,2022-08,99.695444,2022-09,118.691292,2022-10,104.041427,2022-11,99.813642
218,M,MS,TXG_FOB_USD,W00,6,P1M,2022-01,0.61565,2022-02,0.558466,2022-03,0.405095,2022-04,0.368753,2022-05,0.416729,2022-06,0.197614,2022-07,0.179237,2022-08,0.449953,2022-09,0.567865,2022-10,0.415542,2022-11,0.584804
219,M,AG,TXG_FOB_USD,W00,6,P1M,2022-01,155.70044,2022-02,155.836663,2022-03,180.366763,2022-04,231.123841,2022-05,221.277594,2022-06,340.919726,2022-07,164.707897,2022-08,160.482042,2022-09,141.13495,2022-10,111.016784,2022-11,80.820286
220,M,AI,TXG_FOB_USD,W00,6,P1M,2022-01,2.463777,2022-02,4.354708,2022-03,7.558645,2022-04,2.550005,2022-05,2.333292,2022-06,3.56567,2022-07,2.78357,2022-08,2.500243,2022-09,2.769612,2022-10,2.536687,2022-11,3.859752
221,M,GI,TXG_FOB_USD,W00,6,P1M,2022-01,55.621141,2022-02,7.586709,2022-03,6.062435,2022-04,4.676055,2022-05,50.658605,2022-06,101.904265,2022-07,45.963554,2022-08,95.023926,2022-09,3.773612,2022-10,29.730211,2022-11,27.621416
222,M,PW,TXG_FOB_USD,W00,6,P1M,2022-01,0.183486,2022-02,1.214831,2022-03,0.286395,2022-04,0.451823,2022-05,0.315012,2022-06,0.341043,2022-07,1.184572,2022-08,0.389487,2022-09,0.454117,2022-10,1.328906,2022-11,1.199509
223,M,SZ,TXG_FOB_USD,W00,6,P1M,2022-01,160.58141,2022-02,163.428091,2022-03,167.087359,2022-04,132.375201,2022-05,144.540894,2022-06,149.665963,2022-07,144.107192,2022-08,196.361216,2022-09,161.460891,2022-10,194.812146,2022-11,201.9204
224,M,PF,TXG_FOB_USD,W00,6,P1M,2022-01,9.581244,2022-02,9.730339,2022-03,9.146492,2022-04,10.467163,2022-05,10.23134,2022-06,11.604923,2022-07,13.208234,2022-08,9.880405,2022-09,9.797627,2022-10,12.43488,2022-11,10.158637
225,M,MH,TXG_FOB_USD,W00,6,P1M,2022-01,166.832738,2022-02,328.541316,2022-03,106.449036,2022-04,16.668433,2022-05,79.975862,2022-06,135.572458,2022-07,83.486307,2022-08,54.446063,2022-09,15.908088,2022-10,74.746344,2022-11,38.461253
226,M,AS,TXG_FOB_USD,W00,6,P1M,2022-01,1.941546,2022-02,2.10981,2022-03,2.341929,2022-04,1.791943,2022-05,2.087215,2022-06,2.12667,2022-07,1.911154,2022-08,3.628295,2022-09,1.511999,2022-10,2.396804,2022-11,2.048267
227,M,U2,TXG_FOB_USD,W00,6,P1M,2022-01,452546.498482,2022-02,479325.107693,2022-03,544136.426109,2022-04,477403.797727,2022-05,513111.434571,2022-06,517826.9454,2022-07,469757.016226,2022-08,451529.20256,2022-09,507135.901052,2022-10,480507.56213,2022-11,473656.972937
228,M,GU,TXG_FOB_USD,W00,6,P1M,2022-01,17.686498,2022-02,11.896319,2022-03,13.97253,2022-04,16.041392,2022-05,23.623226,2022-06,15.425946,2022-07,20.004171,2022-08,16.994101,2022-09,18.993974,2022-10,23.480966,2022-11,15.220606
229,M,ER,TXG_FOB_USD,W00,6,P1M,2022-01,81.494077,2022-02,28.59986,2022-03,80.736528,2022-04,71.658104,2022-05,41.247033,2022-06,70.826729,2022-07,23.571374,2022-08,31.720294,2022-09,69.547937,2022-10,35.908282,2022-11,11.866118
230,M,TV,TXG_FOB_USD,W00,6,P1M,2022-01,0.131048,2022-02,0.789683,2022-03,2.036275,2022-04,0.144989,2022-05,14.156594,2022-06,2.322185,2022-07,0.482136,2022-08,0.236031,2022-09,0.133655,2022-10,0.330921,2022-11,1.22111
231,M,VA,TXG_FOB_USD,W00,6,P1M,2022-01,1.208108,2022-02,1.093591,2022-03,1.259132,2022-04,1.000114,2022-05,1.394085,2022-06,1.476846,2022-07,1.120978,2022-08,3.008764,2022-09,1.353318,2022-10,1.720219,2022-11,1.254815
232,M,XK,TXG_FOB_USD,W00,6,P1M,2022-01,72.661903,2022-02,74.015622,2022-03,97.62394,2022-04,87.637156,2022-05,80.431085,2022-06,78.865685,2022-07,77.665779,2022-08,85.971534,2022-09,76.321212,2022-10,84.903522,2022-11,75.442516
233,M,FM,TXG_FOB_USD,W00,6,P1M,2022-01,11.844069,2022-02,17.049572,2022-03,24.693323,2022-04,4.405967,2022-05,28.710515,2022-06,21.968727,2022-07,14.673731,2022-08,11.526448,2022-09,16.199002,2022-10,20.591795,2022-11,30.173512
234,M,SS,TXG_FOB_USD,W00,6,P1M,2022-01,114.087002,2022-02,4.614338,2022-03,32.54142,2022-04,69.470758,2022-05,67.674587,2022-06,83.393018,2022-07,69.162139,2022-08,5.270305,2022-09,15.47199,2022-10,5.628085,2022-11,25.098113
235,M,BW,TXG_FOB_USD,W00,6,P1M,2022-01,588.031467,2022-02,709.258572,2022-03,872.312618,2022-04,588.843805,2022-05,778.155966,2022-06,895.704894,2022-07,756.40116,2022-08,720.804269,2022-09,652.757055,2022-10,445.416908,2022-11,605.372133
236,M,XS5,TXG_FOB_USD,W00,6,P1M,2022-01,126456.475405,2022-02,130066.150575,2022-03,162483.751023,2022-04,161565.012146,2022-05,160870.32364,2022-06,162696.420901,2022-07,160658.017486,2022-08,157435.042953,2022-09,155616.063244,2022-10,157109.891496,2022-11,149585.044431
