date,value,reporter,partner
2016-01-01,2477596795.734,Algeria,World
2016-01-01,5744153.835,Andorra,World
2016-01-01,1830603213.52,Angola,World
2016-01-01,573023.664,Antigua and Barbuda,World
2016-01-01,651813379.53,Azerbaijan,World
2016-01-01,3875355523,Argentina,World
2016-01-01,12359534080.885,Australia,World
2016-01-01,10955425201.86,Austria,World
2016-01-01,953572945.841,Bahrain,World
2016-01-01,89455560.38,Armenia,World
2016-01-01,75580788,Barbados,World
2016-01-01,19292409871.558,Belgium,World
2016-01-01,547901.15,Bermuda,World
2016-01-01,527888760.86,Bolivia (Plurinational State of),World
2016-01-01,357343253,Bosnia Herzegovina,World
2016-01-01,11024617489,Brazil,World
2016-01-01,14456076.738,Belize,World
2016-01-01,28771115.32,Solomon Isds,World
2016-01-01,501139951.118,Brunei Darussalam,World
2016-01-01,1894087382.054,Bulgaria,World
2016-01-01,832831154.384,Myanmar,World
2016-01-01,3996464.093,Burundi,World
2016-01-01,1584893000,Belarus,World
2016-01-01,316729473.61,Cambodia,World
2016-01-01,30661384053.428,Canada,World
2016-01-01,5103718164.364,Chile,World
2016-01-01,169398917901,China,World
2016-01-01,1869035585.1,Colombia,World
2016-01-01,3123328.05,Comoros,World
2016-01-01,1027279746.47,Congo,World
2016-01-01,814319810.14,Dem. Rep. of the Congo,World
2016-01-01,835789163,Croatia,World
2016-01-01,335976037.2,Cyprus,World
2016-01-01,12731676853,Czechia,World
2016-01-01,49220980.33,Benin,World
2016-01-01,7026017187.922,Denmark,World
2016-01-01,608140494.448,Dominican Rep.,World
2016-01-01,1157106346.867,Ecuador,World
2016-01-01,410620745.75,El Salvador,World
2016-01-01,141815117.25,Ethiopia,World
2016-01-01,76068467.742,Fiji,World
2016-01-01,3890596929.822,Finland,World
2016-01-01,36559902413.082,France,World
2016-01-01,6639011.667,French Polynesia,World
2016-01-01,122343027.28,Georgia,World
2016-01-01,2364131.329,Gambia,World
2016-01-01,96752018680.632,Germany,World
2016-01-01,841551501.32,Ghana,World
2016-01-01,1841130801.78,Greece,World
2016-01-01,19336417.36,Greenland,World
2016-01-01,2539975.979,Grenada,World
2016-01-01,846121201,Guatemala,World
2016-01-01,84251426.632,Guyana,World
2016-01-01,327013693,Honduras,World
2016-01-01,40655216872.287,"China, Hong Kong SAR",World
2016-01-01,7365214959,Hungary,World
2016-01-01,352054959.395,Iceland,World
2016-01-01,10581882857.978,Indonesia,World
2016-01-01,9657721236.09,Ireland,World
2016-01-01,5253461000,Israel,World
2016-01-01,30157406233.05,Italy,World
2016-01-01,1025155999.724,Côte d'Ivoire,World
2016-01-01,45235460192.47,Japan,World
2016-01-01,2756738439.77,Kazakhstan,World
2016-01-01,36260415123,Rep. of Korea,World
2016-01-01,3739531545.08,Kuwait,World
2016-01-01,87989865,Kyrgyzstan,World
2016-01-01,316729473.61,Lao People's Dem. Rep.,World
2016-01-01,798525920.658,Latvia,World
2016-01-01,1692143568.99,Lithuania,World
2016-01-01,945549141.834,Luxembourg,World
2016-01-01,81591212.503,"China, Macao SAR",World
2016-01-01,174336635.283,Madagascar,World
2016-01-01,85598838.85,Malawi,World
2016-01-01,14225168671.032,Malaysia,World
2016-01-01,176453193.12,Malta,World
2016-01-01,185919362.477,Mauritius,World
2016-01-01,24684899085,Mexico,World
2016-01-01,328779742.15,Mongolia,World
2016-01-01,116752845,Rep. of Moldova,World
2016-01-01,17474221.337,Montenegro,World
2016-01-01,209624.727,Montserrat,World
2016-01-01,273581440.123,Mozambique,World
2016-01-01,2627817574.29,Oman,World
2016-01-01,35007485674.584,Netherlands,World
2016-01-01,60574835.071,New Caledonia,World
2016-01-01,2541580081.381,New Zealand,World
2016-01-01,362778471.85,Nicaragua,World
2016-01-01,63432842.37,Niger,World
2016-01-01,6835083010.646,Norway,World
2016-01-01,1774985765.646,Pakistan,World
2016-01-01,45983986,Panama,World
2016-01-01,640589122,Paraguay,World
2016-01-01,2421308400.75,Peru,World
2016-01-01,4187255821,Philippines,World
2016-01-01,15090960781,Poland,World
2016-01-01,3971837373.09,Portugal,World
2016-01-01,4801488210.508,Qatar,World
2016-01-01,4469322282.3,Romania,World
2016-01-01,18769370500.35,Russian Federation,World
2016-01-01,41715073.716,Rwanda,World
2016-01-01,1734426.888,Saint Kitts and Nevis,World
2016-01-01,2799658.586,Saint Vincent and the Grenadines,World
2016-01-01,502733.783,Sao Tome and Principe,World
2016-01-01,14815910786.433,Saudi Arabia,World
2016-01-01,213312252.847,Senegal,World
2016-01-01,923529201,Serbia,World
2016-01-01,29109597.513,Seychelles,World
2016-01-01,3439448.066,Sierra Leone,World
2016-01-01,20751735815.093,India,World
2016-01-01,24666546630.829,Singapore,World
2016-01-01,5446129648.842,Slovakia,World
2016-01-01,13375299116.523,Viet Nam,World
2016-01-01,1988672329.52,Slovenia,World
2016-01-01,4067242483.953,South Africa,World
2016-01-01,305341282.13,Zimbabwe,World
2016-01-01,20189724895.181,Spain,World
2016-01-01,233616744,Sudan,World
2016-01-01,110232891.052,Eswatini,World
2016-01-01,10193325181.512,Sweden,World
2016-01-01,22131283249.588,Switzerland,World
2016-01-01,15692431862.9,Thailand,World
2016-01-01,56901531.991,Togo,World
2016-01-01,814789814.209,Trinidad and Tobago,World
2016-01-01,9956568792,Türkiye,World
2016-01-01,198643848.32,Uganda,World
2016-01-01,2034210508.14,Ukraine,World
2016-01-01,316977998.13,North Macedonia,World
2016-01-01,1430011886.588,Egypt,World
2016-01-01,31902476882.423,United Kingdom,World
2016-01-01,107875755013,USA,World
2016-01-01,265236021.226,Burkina Faso,World
2016-01-01,412325157,Uruguay,World
2016-01-01,47429519.105,Yemen,World
2016-01-01,529885335,Zambia,World
2016-02-01,2527308367.735,Algeria,World
2016-02-01,8745169.675,Andorra,World
2016-02-01,1549743505.49,Angola,World
2016-02-01,4282434.318,Antigua and Barbuda,World
2016-02-01,561600030.68,Azerbaijan,World
2016-02-01,4143480606.19,Argentina,World
2016-02-01,14989580038.687,Australia,World
2016-02-01,12415143864.739,Austria,World
2016-02-01,1056635587.828,Bahrain,World
2016-02-01,136729668.3,Armenia,World
2016-02-01,75114347.5,Barbados,World
2016-02-01,21818825667.367,Belgium,World
2016-02-01,859242.02,Bermuda,World
2016-02-01,532619229.99,Bolivia (Plurinational State of),World
2016-02-01,406589044,Bosnia Herzegovina,World
2016-02-01,13103865483,Brazil,World
2016-02-01,18234201.52,Belize,World
2016-02-01,37382302.781,Solomon Isds,World
2016-02-01,357292260.634,Brunei Darussalam,World
2016-02-01,1968887516.597,Bulgaria,World
2016-02-01,1162348190.356,Myanmar,World
2016-02-01,12746114.638,Burundi,World
2016-02-01,1609600500,Belarus,World
2016-02-01,240082818.26,Cambodia,World
2016-02-01,29975184377.461,Canada,World
2016-02-01,4806367354.182,Chile,World
2016-02-01,121707158577,China,World
2016-02-01,2297748158.06,Colombia,World
2016-02-01,1198767.853,Comoros,World
2016-02-01,148402026.402,Congo,World
2016-02-01,466922307.818,Dem. Rep. of the Congo,World
2016-02-01,1016671240,Croatia,World
2016-02-01,237566772.827,Cyprus,World
2016-02-01,13539958629,Czechia,World
2016-02-01,58933531.168,Benin,World
2016-02-01,7336312781.325,Denmark,World
2016-02-01,790290950.096,Dominican Rep.,World
2016-02-01,1185390969.454,Ecuador,World
2016-02-01,417089397.21,El Salvador,World
2016-02-01,176977879.753,Ethiopia,World
2016-02-01,1073787800.17,Estonia,World
2016-02-01,67964470.139,Fiji,World
2016-02-01,4568446202.746,Finland,World
2016-02-01,40390325021.954,France,World
2016-02-01,10561066.472,French Polynesia,World
2016-02-01,158623515.14,Georgia,World
2016-02-01,1761860.59,Gambia,World
2016-02-01,109765582048.942,Germany,World
2016-02-01,1158223615.354,Ghana,World
2016-02-01,2092312471.419,Greece,World
2016-02-01,42106402.41,Greenland,World
2016-02-01,3593518.629,Grenada,World
2016-02-01,850765046,Guatemala,World
2016-02-01,88227522.729,Guyana,World
2016-02-01,400473928,Honduras,World
2016-02-01,29021830921.697,"China, Hong Kong SAR",World
2016-02-01,8545881739,Hungary,World
2016-02-01,331321732.14,Iceland,World
2016-02-01,11316716838.513,Indonesia,World
2016-02-01,9502307081.558,Ireland,World
2016-02-01,5344600000,Israel,World
2016-02-01,37637005619.817,Italy,World
2016-02-01,1099185401.764,Côte d'Ivoire,World
2016-02-01,49559473220.817,Japan,World
2016-02-01,2872163810.27,Kazakhstan,World
2016-02-01,35924536242,Rep. of Korea,World
2016-02-01,3863675246.89,Kuwait,World
2016-02-01,115030693,Kyrgyzstan,World
2016-02-01,240082818.26,Lao People's Dem. Rep.,World
2016-02-01,885177711.329,Latvia,World
2016-02-01,1962829509.98,Lithuania,World
2016-02-01,47236746.414,"China, Macao SAR",World
2016-02-01,145812014.916,Madagascar,World
2016-02-01,87708512.503,Malawi,World
2016-02-01,13550280143.284,Malaysia,World
2016-02-01,174607358.667,Malta,World
2016-02-01,186532304.521,Mauritius,World
2016-02-01,28967000065,Mexico,World
2016-02-01,284510740.527,Mongolia,World
2016-02-01,138467858,Rep. of Moldova,World
2016-02-01,24440519.497,Montenegro,World
2016-02-01,206578.419,Montserrat,World
2016-02-01,189361817.014,Mozambique,World
2016-02-01,2359472152.407,Oman,World
2016-02-01,36693582699.849,Netherlands,World
2016-02-01,117338553.386,New Caledonia,World
2016-02-01,2814416602.569,New Zealand,World
2016-02-01,403697694.2,Nicaragua,World
2016-02-01,49689880.856,Niger,World
2016-02-01,6862670228.145,Norway,World
2016-02-01,1802098310.709,Pakistan,World
2016-02-01,50391588,Panama,World
2016-02-01,734632473,Paraguay,World
2016-02-01,2384631283.05,Peru,World
2016-02-01,4310356345,Philippines,World
2016-02-01,15736929027,Poland,World
2016-02-01,4449187306.567,Portugal,World
2016-02-01,4591086349.805,Qatar,World
2016-02-01,5352043237.574,Romania,World
2016-02-01,21483913847.68,Russian Federation,World
2016-02-01,39278786.979,Rwanda,World
2016-02-01,4025204.36,Saint Kitts and Nevis,World
2016-02-01,3720688.905,Saint Vincent and the Grenadines,World
2016-02-01,616782.126,Sao Tome and Principe,World
2016-02-01,15091848464.688,Saudi Arabia,World
2016-02-01,252441837.455,Senegal,World
2016-02-01,1173924082,Serbia,World
2016-02-01,39338385.228,Seychelles,World
2016-02-01,2919942.834,Sierra Leone,World
2016-02-01,20498302539.667,India,World
2016-02-01,22802046243.819,Singapore,World
2016-02-01,6307624766.652,Slovakia,World
2016-02-01,10099056462,Viet Nam,World
2016-02-01,2235655864.584,Slovenia,World
2016-02-01,5639026366.938,South Africa,World
2016-02-01,261017504.07,Zimbabwe,World
2016-02-01,23328541668.494,Spain,World
2016-02-01,256311825,Sudan,World
2016-02-01,117886867.641,Eswatini,World
2016-02-01,11155334424.845,Sweden,World
2016-02-01,21719457267.211,Switzerland,World
2016-02-01,18981832787.95,Thailand,World
2016-02-01,61690287.825,Togo,World
2016-02-01,846628886.629,Trinidad and Tobago,World
2016-02-01,12939347180,Türkiye,World
2016-02-01,188240476.9,Uganda,World
2016-02-01,2673431718.2,Ukraine,World
2016-02-01,388403146.07,North Macedonia,World
2016-02-01,1658208758.983,Egypt,World
2016-02-01,34796590523.777,United Kingdom,World
2016-02-01,113429505346,USA,World
2016-02-01,190279968.669,Burkina Faso,World
2016-02-01,499942284,Uruguay,World
2016-02-01,51998213.031,Yemen,World
2016-02-01,455563156,Zambia,World
2016-03-01,2232371575.172,Algeria,World
2016-03-01,8408390.009,Andorra,World
2016-03-01,2161340674.49,Angola,World
2016-03-01,6883766.361,Antigua and Barbuda,World
2016-03-01,551560750.63,Azerbaijan,World
2016-03-01,4425736125.6,Argentina,World
2016-03-01,15440231439.585,Australia,World
2016-03-01,13431337473.3,Austria,World
2016-03-01,1090586999.779,Bahrain,World
2016-03-01,150870274.42,Armenia,World
2016-03-01,42411384.5,Barbados,World
2016-03-01,22507786709.44,Belgium,World
2016-03-01,485215.14,Bermuda,World
2016-03-01,584456240.19,Bolivia (Plurinational State of),World
2016-03-01,435315219,Bosnia Herzegovina,World
2016-03-01,15845539947,Brazil,World
2016-03-01,27137410.853,Belize,World
2016-03-01,29503028.905,Solomon Isds,World
2016-03-01,481520412.034,Brunei Darussalam,World
2016-03-01,2083451338.349,Bulgaria,World
2016-03-01,1076375407.404,Myanmar,World
2016-03-01,8583626.827,Burundi,World
2016-03-01,1837599700,Belarus,World
2016-03-01,335769513.89,Cambodia,World
2016-03-01,32832105794.541,Canada,World
2016-03-01,5173005257.417,Chile,World
2016-03-01,155098178215,China,World
2016-03-01,2310590164.18,Colombia,World
2016-03-01,850335.434,Comoros,World
2016-03-01,604105327.389,Congo,World
2016-03-01,531887587.174,Dem. Rep. of the Congo,World
2016-03-01,1092007650,Croatia,World
2016-03-01,377422148.94,Cyprus,World
2016-03-01,14255865130,Czechia,World
2016-03-01,45881344.708,Benin,World
2016-03-01,8123123471.046,Denmark,World
2016-03-01,815172823.243,Dominican Rep.,World
2016-03-01,1284689169.364,Ecuador,World
2016-03-01,471420810.16,El Salvador,World
2016-03-01,204764183.662,Ethiopia,World
2016-03-01,1195387879.98,Estonia,World
2016-03-01,54645047.245,Fiji,World
2016-03-01,4935713409.27,Finland,World
2016-03-01,43960312952.73,France,World
2016-03-01,14291998.605,French Polynesia,World
2016-03-01,162247770.96,Georgia,World
2016-03-01,6033304.799,Gambia,World
2016-03-01,118601202487.59,Germany,World
2016-03-01,1002717835.99,Ghana,World
2016-03-01,2290903563.24,Greece,World
2016-03-01,29483026.74,Greenland,World
2016-03-01,3540310.534,Grenada,World
2016-03-01,979134811,Guatemala,World
2016-03-01,115900004.113,Guyana,World
2016-03-01,380563275,Honduras,World
2016-03-01,40051526791.833,"China, Hong Kong SAR",World
2016-03-01,8854892111,Hungary,World
2016-03-01,348133400.263,Iceland,World
2016-03-01,11812127477.932,Indonesia,World
2016-03-01,11493033278.85,Ireland,World
2016-03-01,5392434000,Israel,World
2016-03-01,40861290431.82,Italy,World
2016-03-01,1120264904.24,Côte d'Ivoire,World
2016-03-01,57103862513.676,Japan,World
2016-03-01,2689298910.19,Kazakhstan,World
2016-03-01,43001311500,Rep. of Korea,World
2016-03-01,3891752118.425,Kuwait,World
2016-03-01,82167507,Kyrgyzstan,World
2016-03-01,335769513.89,Lao People's Dem. Rep.,World
2016-03-01,952660586.91,Latvia,World
2016-03-01,2084088726.98,Lithuania,World
2016-03-01,86223209.097,"China, Macao SAR",World
2016-03-01,223729892.23,Madagascar,World
2016-03-01,54961797.504,Malawi,World
2016-03-01,16332923934.233,Malaysia,World
2016-03-01,364907405.1,Malta,World
2016-03-01,176967110.746,Mauritius,World
2016-03-01,31486583953,Mexico,World
2016-03-01,345666891.354,Mongolia,World
2016-03-01,161222704,Rep. of Moldova,World
2016-03-01,22195735.968,Montenegro,World
2016-03-01,297053.584,Montserrat,World
2016-03-01,258119501.954,Mozambique,World
2016-03-01,3087990099.844,Oman,World
2016-03-01,39994653698.28,Netherlands,World
2016-03-01,2828781998.664,New Zealand,World
2016-03-01,404175021.83,Nicaragua,World
2016-03-01,67326266.782,Niger,World
2016-03-01,6949531119.692,Norway,World
2016-03-01,1746480353.444,Pakistan,World
2016-03-01,48389643,Panama,World
2016-03-01,827502910,Paraguay,World
2016-03-01,2764318273,Peru,World
2016-03-01,4611292959,Philippines,World
2016-03-01,16939352598,Poland,World
2016-03-01,4688062090.71,Portugal,World
2016-03-01,4561409960.027,Qatar,World
2016-03-01,5468996151.6,Romania,World
2016-03-01,24964739624.18,Russian Federation,World
2016-03-01,50065288.917,Rwanda,World
2016-03-01,2561864.694,Saint Kitts and Nevis,World
2016-03-01,3068451.72,Saint Vincent and the Grenadines,World
2016-03-01,917074.86,Sao Tome and Principe,World
2016-03-01,15616015519.896,Saudi Arabia,World
2016-03-01,270406758.807,Senegal,World
2016-03-01,1309185852,Serbia,World
2016-03-01,41739100.118,Seychelles,World
2016-03-01,1368433.098,Sierra Leone,World
2016-03-01,22555114277.451,India,World
2016-03-01,27663843825.664,Singapore,World
2016-03-01,6438113640.69,Slovakia,World
2016-03-01,15117062156,Viet Nam,World
2016-03-01,2439291337.574,Slovenia,World
2016-03-01,5968139588.11,South Africa,World
2016-03-01,213183516.04,Zimbabwe,World
2016-03-01,24610473902.255,Spain,World
2016-03-01,439537650,Sudan,World
2016-03-01,119557795.976,Eswatini,World
2016-03-01,12404213950.713,Sweden,World
2016-03-01,23681418602.098,Switzerland,World
2016-03-01,19170169980.39,Thailand,World
2016-03-01,85067925.222,Togo,World
2016-03-01,557456624.982,Trinidad and Tobago,World
2016-03-01,13384191887,Türkiye,World
2016-03-01,203837488.41,Uganda,World
2016-03-01,2987649937.48,Ukraine,World
2016-03-01,394624317.34,North Macedonia,World
2016-03-01,2095950864.798,Egypt,World
2016-03-01,35607194471.566,United Kingdom,World
2016-03-01,125480434122,USA,World
2016-03-01,193333014.583,Burkina Faso,World
2016-03-01,510712329,Uruguay,World
2016-03-01,251876563.631,Yemen,World
2016-03-01,518025597,Zambia,World
2016-04-01,2154080364.004,Algeria,World
2016-04-01,7923175.46,Andorra,World
2016-04-01,2241143393.29,Angola,World
2016-04-01,29652261.888,Antigua and Barbuda,World
2016-04-01,662033763.51,Azerbaijan,World
2016-04-01,4742835521.12,Argentina,World
2016-04-01,14967922136.879,Australia,World
2016-04-01,13260264886.367,Austria,World
2016-04-01,908391771.585,Bahrain,World
2016-04-01,140276946.05,Armenia,World
2016-04-01,39119924.5,Barbados,World
2016-04-01,23274398282.738,Belgium,World
2016-04-01,775787.97,Bermuda,World
2016-04-01,555480472.37,Bolivia (Plurinational State of),World
2016-04-01,453609828,Bosnia Herzegovina,World
2016-04-01,15082231392,Brazil,World
2016-04-01,21181240.831,Belize,World
2016-04-01,45140702.19,Solomon Isds,World
2016-04-01,379259330.088,Brunei Darussalam,World
2016-04-01,2169927286.666,Bulgaria,World
2016-04-01,754886797.317,Myanmar,World
2016-04-01,7172422.161,Burundi,World
2016-04-01,1913182700,Belarus,World
2016-04-01,264297802,Cambodia,World
2016-04-01,31217949170.053,Canada,World
2016-04-01,5064733784.876,Chile,World
2016-04-01,166647298544,China,World
2016-04-01,2423625168.07,Colombia,World
2016-04-01,300704.189,Comoros,World
2016-04-01,520527320.681,Congo,World
2016-04-01,569000305.566,Dem. Rep. of the Congo,World
2016-04-01,1088723338,Croatia,World
2016-04-01,204957782.678,Cyprus,World
2016-04-01,14365084110,Czechia,World
2016-04-01,41632142.955,Benin,World
2016-04-01,8274319272.645,Denmark,World
2016-04-01,827780428.824,Dominican Rep.,World
2016-04-01,1263638898.581,Ecuador,World
2016-04-01,513730564.58,El Salvador,World
2016-04-01,190267614.016,Ethiopia,World
2016-04-01,1256084757.788,Estonia,World
2016-04-01,83786821.956,Fiji,World
2016-04-01,4901222019.45,Finland,World
2016-04-01,42134331853.141,France,World
2016-04-01,13497065.064,French Polynesia,World
2016-04-01,165989985.35,Georgia,World
2016-04-01,2405281.345,Gambia,World
2016-04-01,118252611978.344,Germany,World
2016-04-01,952043972.64,Ghana,World
2016-04-01,2367721047.089,Greece,World
2016-04-01,32800955.94,Greenland,World
2016-04-01,4719272.688,Grenada,World
2016-04-01,926895717,Guatemala,World
2016-04-01,128184261.511,Guyana,World
2016-04-01,397603819,Honduras,World
2016-04-01,41357218852.854,"China, Hong Kong SAR",World
2016-04-01,8975336805,Hungary,World
2016-04-01,381344698.742,Iceland,World
2016-04-01,11689745831.026,Indonesia,World
2016-04-01,11399135676.679,Ireland,World
2016-04-01,4310399000,Israel,World
2016-04-01,39455589220.442,Italy,World
2016-04-01,972061505.495,Côte d'Ivoire,World
2016-04-01,53555881119.716,Japan,World
2016-04-01,2765470209.42,Kazakhstan,World
2016-04-01,41081228282,Rep. of Korea,World
2016-04-01,3847567559.608,Kuwait,World
2016-04-01,69816405,Kyrgyzstan,World
2016-04-01,264297802,Lao People's Dem. Rep.,World
2016-04-01,980499068.532,Latvia,World
2016-04-01,2043690785.96,Lithuania,World
2016-04-01,1158838737.277,Luxembourg,World
2016-04-01,65440384.151,"China, Macao SAR",World
2016-04-01,191587179.358,Madagascar,World
2016-04-01,91801611.833,Malawi,World
2016-04-01,15711960740.328,Malaysia,World
2016-04-01,170511153.637,Malta,World
2016-04-01,170005502.444,Mauritius,World
2016-04-01,30382904305,Mexico,World
2016-04-01,331597635.425,Mongolia,World
2016-04-01,178460529,Rep. of Moldova,World
2016-04-01,32907534.627,Montenegro,World
2016-04-01,521122.583,Montserrat,World
2016-04-01,219166398.69,Mozambique,World
2016-04-01,2551529240.453,Oman,World
2016-04-01,39304050524.694,Netherlands,World
2016-04-01,2963096781.755,New Zealand,World
2016-04-01,7373699432.517,Norway,World
2016-04-01,1734064946.076,Pakistan,World
2016-04-01,52683569,Panama,World
2016-04-01,775504211,Paraguay,World
2016-04-01,2728107510.36,Peru,World
2016-04-01,4254219194,Philippines,World
2016-04-01,17367812274,Poland,World
2016-04-01,4665518099.453,Portugal,World
2016-04-01,4120353767.396,Qatar,World
2016-04-01,5334633125.571,Romania,World
2016-04-01,23209273790.03,Russian Federation,World
2016-04-01,46098377.427,Rwanda,World
2016-04-01,4389840.125,Saint Kitts and Nevis,World
2016-04-01,3751643.063,Saint Vincent and the Grenadines,World
2016-04-01,12444.514,Sao Tome and Principe,World
2016-04-01,15134925051.867,Saudi Arabia,World
2016-04-01,250093903.459,Senegal,World
2016-04-01,1317159970,Serbia,World
2016-04-01,41599882.954,Seychelles,World
2016-04-01,963903.13,Sierra Leone,World
2016-04-01,20322399244.474,India,World
2016-04-01,26688203439.483,Singapore,World
2016-04-01,6745105939.069,Slovakia,World
2016-04-01,14350163489,Viet Nam,World
2016-04-01,2792736657.827,Slovenia,World
2016-04-01,6295145817.621,South Africa,World
2016-04-01,184636336.45,Zimbabwe,World
2016-04-01,25258999657.2,Spain,World
2016-04-01,201694925,Sudan,World
2016-04-01,104955365.958,Eswatini,World
2016-04-01,12266443964.765,Sweden,World
2016-04-01,25281742166.765,Switzerland,World
2016-04-01,15609268418.01,Thailand,World
2016-04-01,78313996.617,Togo,World
2016-04-01,555561782.692,Trinidad and Tobago,World
2016-04-01,12533489672,Türkiye,World
2016-04-01,208540243.85,Uganda,World
2016-04-01,3088652655.42,Ukraine,World
2016-04-01,422548052.33,North Macedonia,World
2016-04-01,1895814874.991,Egypt,World
2016-04-01,35842868120.601,United Kingdom,World
2016-04-01,118659919379,USA,World
2016-04-01,233357454.382,Burkina Faso,World
2016-04-01,44688524.667,Yemen,World
2016-04-01,539660485,Zambia,World
2016-05-01,2390115806.489,Algeria,World
2016-05-01,8988898.825,Andorra,World
2016-05-01,2559849856.78,Angola,World
2016-05-01,13251147.441,Antigua and Barbuda,World
2016-05-01,593019070.14,Azerbaijan,World
2016-05-01,5377228071.1,Argentina,World
2016-05-01,15039692002.888,Australia,World
2016-05-01,12375943408.808,Austria,World
2016-05-01,970846006.556,Bahrain,World
2016-05-01,139988894.01,Armenia,World
2016-05-01,45979047,Barbados,World
2016-05-01,23077380873.63,Belgium,World
2016-05-01,858202.62,Bermuda,World
2016-05-01,604617089.34,Bolivia (Plurinational State of),World
2016-05-01,424745765,Bosnia Herzegovina,World
2016-05-01,16596334743,Brazil,World
2016-05-01,32593444.185,Belize,World
2016-05-01,42039773.429,Solomon Isds,World
2016-05-01,368663253.724,Brunei Darussalam,World
2016-05-01,2092474689.909,Bulgaria,World
2016-05-01,1025848297.314,Myanmar,World
2016-05-01,7032756.19,Burundi,World
2016-05-01,1975938500,Belarus,World
2016-05-01,469012625,Cambodia,World
2016-05-01,31422297938.192,Canada,World
2016-05-01,5101238961.332,Chile,World
2016-05-01,175681528979,China,World
2016-05-01,2708316143.31,Colombia,World
2016-05-01,712778.938,Comoros,World
2016-05-01,1137155686.027,Congo,World
2016-05-01,570228035.36,Dem. Rep. of the Congo,World
2016-05-01,1204188728,Croatia,World
2016-05-01,176661632.828,Cyprus,World
2016-05-01,13579746517,Czechia,World
2016-05-01,50386389.986,Benin,World
2016-05-01,7856264978.638,Denmark,World
2016-05-01,778717095.498,Dominican Rep.,World
2016-05-01,1525127672.46,Ecuador,World
2016-05-01,491246798.64,El Salvador,World
2016-05-01,184932664.791,Ethiopia,World
2016-05-01,1182969273.809,Estonia,World
2016-05-01,72083739.507,Fiji,World
2016-05-01,4934082128.391,Finland,World
2016-05-01,41476925317.506,France,World
2016-05-01,7053442.287,French Polynesia,World
2016-05-01,172666290.62,Georgia,World
2016-05-01,1336573.515,Gambia,World
2016-05-01,109793870012.355,Germany,World
2016-05-01,1029335762.784,Ghana,World
2016-05-01,2280990110.319,Greece,World
2016-05-01,53199976.67,Greenland,World
2016-05-01,2583414.083,Grenada,World
2016-05-01,1851707490,Guatemala,World
2016-05-01,87432963.144,Guyana,World
2016-05-01,363421477,Honduras,World
2016-05-01,43641518236.623,"China, Hong Kong SAR",World
2016-05-01,8566731110,Hungary,World
2016-05-01,378575804.328,Iceland,World
2016-05-01,11517409125.883,Indonesia,World
2016-05-01,10615825926.427,Ireland,World
2016-05-01,5095447000,Israel,World
2016-05-01,40679896009.035,Italy,World
2016-05-01,868513419.388,Côte d'Ivoire,World
2016-05-01,46686278700.007,Japan,World
2016-05-01,2728460605.04,Kazakhstan,World
2016-05-01,39733527129,Rep. of Korea,World
2016-05-01,3864677122.982,Kuwait,World
2016-05-01,72957206,Kyrgyzstan,World
2016-05-01,469012625,Lao People's Dem. Rep.,World
2016-05-01,987013013.347,Latvia,World
2016-05-01,2129705029.99,Lithuania,World
2016-05-01,1084163244.57,Luxembourg,World
2016-05-01,59976318.657,"China, Macao SAR",World
2016-05-01,165042982.333,Madagascar,World
2016-05-01,51190313.578,Malawi,World
2016-05-01,14807270978.698,Malaysia,World
2016-05-01,255701861.347,Malta,World
2016-05-01,197136723.526,Mauritius,World
2016-05-01,31408235674,Mexico,World
2016-05-01,389636390.164,Mongolia,World
2016-05-01,152977444,Rep. of Moldova,World
2016-05-01,31042042.91,Montenegro,World
2016-05-01,253964.453,Montserrat,World
2016-05-01,302197233.491,Mozambique,World
2016-05-01,2420822473.023,Oman,World
2016-05-01,38970241451.462,Netherlands,World
2016-05-01,3111657936.567,New Zealand,World
2016-05-01,6828080663.069,Norway,World
2016-05-01,1833310876.953,Pakistan,World
2016-05-01,67408898,Panama,World
2016-05-01,772643050,Paraguay,World
2016-05-01,2788529838.02,Peru,World
2016-05-01,4714691154,Philippines,World
2016-05-01,16873007023,Poland,World
2016-05-01,4747664703.771,Portugal,World
2016-05-01,4689998866.859,Qatar,World
2016-05-01,5283769493.457,Romania,World
2016-05-01,23509097973.59,Russian Federation,World
2016-05-01,50547353.382,Rwanda,World
2016-05-01,3211842.614,Saint Kitts and Nevis,World
2016-05-01,1099011.995,Sao Tome and Principe,World
2016-05-01,15769227978.078,Saudi Arabia,World
2016-05-01,259652572.994,Senegal,World
2016-05-01,1270796106,Serbia,World
2016-05-01,45900988.855,Seychelles,World
2016-05-01,22067503722.886,India,World
2016-05-01,26560923621.788,Singapore,World
2016-05-01,6767858575.618,Slovakia,World
2016-05-01,14371657807,Viet Nam,World
2016-05-01,2809891695.516,Slovenia,World
2016-05-01,6685116852.219,South Africa,World
2016-05-01,188268528.45,Zimbabwe,World
2016-05-01,25118544503.492,Spain,World
2016-05-01,330891399,Sudan,World
2016-05-01,124285789.763,Eswatini,World
2016-05-01,11712644622.573,Sweden,World
2016-05-01,25461989739.6,Switzerland,World
2016-05-01,17697173092.41,Thailand,World
2016-05-01,73927907.737,Togo,World
2016-05-01,385228882.061,Trinidad and Tobago,World
2016-05-01,12637024952,Türkiye,World
2016-05-01,195481774.03,Uganda,World
2016-05-01,2873758492.11,Ukraine,World
2016-05-01,404806939.37,North Macedonia,World
2016-05-01,2096018436.486,Egypt,World
2016-05-01,33979681697.578,United Kingdom,World
2016-05-01,119570205510,USA,World
2016-05-01,183133297.104,Burkina Faso,World
2016-05-01,85199894.237,Yemen,World
2016-05-01,525129056,Zambia,World
2016-06-01,2475430373.752,Algeria,World
2016-06-01,10429584.693,Andorra,World
2016-06-01,2618139993.52,Angola,World
2016-06-01,1262210.83,Antigua and Barbuda,World
2016-06-01,763508599.42,Azerbaijan,World
2016-06-01,5307231105.65,Argentina,World
2016-06-01,15007672717.869,Australia,World
2016-06-01,13666354399.329,Austria,World
2016-06-01,849831503.637,Bahrain,World
2016-06-01,154931559.75,Armenia,World
2016-06-01,35972429,Barbados,World
2016-06-01,24870209863.179,Belgium,World
2016-06-01,1193163.42,Bermuda,World
2016-06-01,617182519.05,Bolivia (Plurinational State of),World
2016-06-01,475902244,Bosnia Herzegovina,World
2016-06-01,16602945756,Brazil,World
2016-06-01,22007616.918,Belize,World
2016-06-01,35641947.739,Solomon Isds,World
2016-06-01,371621346.085,Brunei Darussalam,World
2016-06-01,2335489337.718,Bulgaria,World
2016-06-01,920300480.331,Myanmar,World
2016-06-01,6664268.595,Burundi,World
2016-06-01,2230994400,Belarus,World
2016-06-01,261177547,Cambodia,World
2016-06-01,33081471941.086,Canada,World
2016-06-01,4652144404.71,Chile,World
2016-06-01,176602054304,China,World
2016-06-01,2721906432.87,Colombia,World
2016-06-01,1052528.796,Comoros,World
2016-06-01,536234508.927,Congo,World
2016-06-01,597825406.81,Dem. Rep. of the Congo,World
2016-06-01,1175753326,Croatia,World
2016-06-01,287611345.948,Cyprus,World
2016-06-01,14348081170,Czechia,World
2016-06-01,40932776.399,Benin,World
2016-06-01,8128106534.117,Denmark,World
2016-06-01,882411922.317,Dominican Rep.,World
2016-06-01,1508794086.641,Ecuador,World
2016-06-01,462557500.76,El Salvador,World
2016-06-01,242258321.551,Ethiopia,World
2016-06-01,923203860.396,Estonia,World
2016-06-01,86157727.725,Fiji,World
2016-06-01,5570795634.927,Finland,World
2016-06-01,44532090940.83,France,World
2016-06-01,8631216.726,French Polynesia,World
2016-06-01,168382919.23,Georgia,World
2016-06-01,3498711.641,Gambia,World
2016-06-01,119612255747.812,Germany,World
2016-06-01,854957100.146,Ghana,World
2016-06-01,2355409252.545,Greece,World
2016-06-01,68575194.56,Greenland,World
2016-06-01,2673321.771,Grenada,World
2016-06-01,908813506,Guatemala,World
2016-06-01,114103658.887,Guyana,World
2016-06-01,378071915,Honduras,World
2016-06-01,43386905215.399,"China, Hong Kong SAR",World
2016-06-01,9497147937,Hungary,World
2016-06-01,392049125.225,Iceland,World
2016-06-01,13206121925.224,Indonesia,World
2016-06-01,12203823869.829,Ireland,World
2016-06-01,5280519000,Israel,World
2016-06-01,40826261009.692,Italy,World
2016-06-01,886556920.432,Côte d'Ivoire,World
2016-06-01,57118709484.84,Japan,World
2016-06-01,3046153249.37,Kazakhstan,World
2016-06-01,45208925965.999,Rep. of Korea,World
2016-06-01,3877234155.974,Kuwait,World
2016-06-01,88928182,Kyrgyzstan,World
2016-06-01,261177547,Lao People's Dem. Rep.,World
2016-06-01,934485746.728,Latvia,World
2016-06-01,2077703382.98,Lithuania,World
2016-06-01,1156622472.916,Luxembourg,World
2016-06-01,51257838.516,"China, Macao SAR",World
2016-06-01,159368959.055,Madagascar,World
2016-06-01,105118282.499,Malawi,World
2016-06-01,16258486512.418,Malaysia,World
2016-06-01,293762902.068,Malta,World
2016-06-01,198806121.503,Mauritius,World
2016-06-01,31946247702,Mexico,World
2016-06-01,352271420.68,Mongolia,World
2016-06-01,157400336,Rep. of Moldova,World
2016-06-01,28742351.869,Montenegro,World
2016-06-01,320959.59,Montserrat,World
2016-06-01,303214832.193,Mozambique,World
2016-06-01,2596083263.492,Oman,World
2016-06-01,41379025306.327,Netherlands,World
2016-06-01,2992748650.422,New Zealand,World
2016-06-01,7220247157.111,Norway,World
2016-06-01,1666874109.314,Pakistan,World
2016-06-01,58752775,Panama,World
2016-06-01,828734656,Paraguay,World
2016-06-01,2632170016.83,Peru,World
2016-06-01,4754415980,Philippines,World
2016-06-01,17311892260,Poland,World
2016-06-01,5011582693.15,Portugal,World
2016-06-01,4789047213.014,Qatar,World
2016-06-01,5539021603.998,Romania,World
2016-06-01,25899951871.29,Russian Federation,World
2016-06-01,54184549.096,Rwanda,World
2016-06-01,5744681.218,Saint Kitts and Nevis,World
2016-06-01,343340.115,Sao Tome and Principe,World
2016-06-01,15313496475.081,Saudi Arabia,World
2016-06-01,233469690.308,Senegal,World
2016-06-01,1333305049,Serbia,World
2016-06-01,34517122.189,Seychelles,World
2016-06-01,22463728893.066,India,World
2016-06-01,27329262172.777,Singapore,World
2016-06-01,6918060863.458,Slovakia,World
2016-06-01,14724682000,Viet Nam,World
2016-06-01,2940253765.743,Slovenia,World
2016-06-01,6729174416.416,South Africa,World
2016-06-01,210315034.06,Zimbabwe,World
2016-06-01,25644611395.164,Spain,World
2016-06-01,374036125,Sudan,World
2016-06-01,169748859.615,Eswatini,World
2016-06-01,12429474385.622,Sweden,World
2016-06-01,26552031838.273,Switzerland,World
2016-06-01,18152017659.44,Thailand,World
2016-06-01,58883633.144,Togo,World
2016-06-01,650468339.154,Trinidad and Tobago,World
2016-06-01,26931689598,Türkiye,World
2016-06-01,200772433.25,Uganda,World
2016-06-01,2931647863.42,Ukraine,World
2016-06-01,378271363.5,North Macedonia,World
2016-06-01,1969775663.638,Egypt,World
2016-06-01,35018334275.902,United Kingdom,World
2016-06-01,125067918292,USA,World
2016-06-01,171295749.665,Burkina Faso,World
2016-06-01,54635099.039,Yemen,World
2016-06-01,522745508,Zambia,World
2016-07-01,2228076547.26,Algeria,World
2016-07-01,6988761.039,Andorra,World
2016-07-01,2439369662.9,Angola,World
2016-07-01,804724.769,Antigua and Barbuda,World
2016-07-01,762562835.7,Azerbaijan,World
2016-07-01,4990611472.26,Argentina,World
2016-07-01,15712288764.612,Australia,World
2016-07-01,12276591018.092,Austria,World
2016-07-01,732101000.999,Bahrain,World
2016-07-01,150430189.91,Armenia,World
2016-07-01,32627539.5,Barbados,World
2016-07-01,21748079767.675,Belgium,World
2016-07-01,772249.7,Bermuda,World
2016-07-01,664198472,Bolivia (Plurinational State of),World
2016-07-01,437964909,Bosnia Herzegovina,World
2016-07-01,15142714043,Brazil,World
2016-07-01,19758164.535,Belize,World
2016-07-01,29168031.985,Solomon Isds,World
2016-07-01,501684938.535,Brunei Darussalam,World
2016-07-01,2372492780.403,Bulgaria,World
2016-07-01,859889155.801,Myanmar,World
2016-07-01,9436336.806,Burundi,World
2016-07-01,1977109900,Belarus,World
2016-07-01,213034510,Cambodia,World
2016-07-01,30196461657.219,Canada,World
2016-07-01,4606003677.218,Chile,World
2016-07-01,180675640097,China,World
2016-07-01,2188337657.62,Colombia,World
2016-07-01,1808014.311,Comoros,World
2016-07-01,349302869.824,Congo,World
2016-07-01,595589406.044,Dem. Rep. of the Congo,World
2016-07-01,1134359438,Croatia,World
2016-07-01,186357786.942,Cyprus,World
2016-07-01,11302516554,Czechia,World
2016-07-01,32095222.656,Benin,World
2016-07-01,7516365799.059,Denmark,World
2016-07-01,859175082.785,Dominican Rep.,World
2016-07-01,1443552628.48,Ecuador,World
2016-07-01,491137659.85,El Salvador,World
2016-07-01,164022135.962,Ethiopia,World
2016-07-01,1034078771.115,Estonia,World
2016-07-01,93789414.479,Fiji,World
2016-07-01,4329556072.379,Finland,World
2016-07-01,39048012601.048,France,World
2016-07-01,29838034.891,French Polynesia,World
2016-07-01,173998980.5,Georgia,World
2016-07-01,2277826.16,Gambia,World
2016-07-01,106433351577.503,Germany,World
2016-07-01,612183066.077,Ghana,World
2016-07-01,2482524844.829,Greece,World
2016-07-01,79668525.22,Greenland,World
2016-07-01,3067275.081,Grenada,World
2016-07-01,856445013,Guatemala,World
2016-07-01,159335222.239,Guyana,World
2016-07-01,324517384,Honduras,World
2016-07-01,46180912376.107,"China, Hong Kong SAR",World
2016-07-01,8026130251,Hungary,World
2016-07-01,359580181.997,Iceland,World
2016-07-01,9649503975.974,Indonesia,World
2016-07-01,10416841676.685,Ireland,World
2016-07-01,4685150000,Israel,World
2016-07-01,41900924177.429,Italy,World
2016-07-01,677585636.831,Côte d'Ivoire,World
2016-07-01,55103076355.362,Japan,World
2016-07-01,3178935355.36,Kazakhstan,World
2016-07-01,40881683255,Rep. of Korea,World
2016-07-01,3813999141.418,Kuwait,World
2016-07-01,115149767,Kyrgyzstan,World
2016-07-01,213034510,Lao People's Dem. Rep.,World
2016-07-01,904870969.697,Latvia,World
2016-07-01,2020201771.99,Lithuania,World
2016-07-01,1030353634.052,Luxembourg,World
2016-07-01,39369638.016,"China, Macao SAR",World
2016-07-01,145614670.682,Madagascar,World
2016-07-01,73362783.435,Malawi,World
2016-07-01,14889934203.991,Malaysia,World
2016-07-01,483632503.88,Malta,World
2016-07-01,178558067.11,Mauritius,World
2016-07-01,29768924919,Mexico,World
2016-07-01,289047963.405,Mongolia,World
2016-07-01,165659614,Rep. of Moldova,World
2016-07-01,30371870.11,Montenegro,World
2016-07-01,352159.911,Montserrat,World
2016-07-01,259874825.44,Mozambique,World
2016-07-01,2224751752.958,Oman,World
2016-07-01,37214074627.942,Netherlands,World
2016-07-01,2820620426.595,New Zealand,World
2016-07-01,7029438717.656,Norway,World
2016-07-01,1484049989.755,Pakistan,World
2016-07-01,58389727,Panama,World
2016-07-01,798088543,Paraguay,World
2016-07-01,3283615215.62,Peru,World
2016-07-01,4673189341,Philippines,World
2016-07-01,15407980302,Poland,World
2016-07-01,4939558890.665,Portugal,World
2016-07-01,4475722542.036,Qatar,World
2016-07-01,5337315007.615,Romania,World
2016-07-01,23782635205.62,Russian Federation,World
2016-07-01,53170351.324,Rwanda,World
2016-07-01,3132349.334,Saint Kitts and Nevis,World
2016-07-01,692793.407,Sao Tome and Principe,World
2016-07-01,14666516733.024,Saudi Arabia,World
2016-07-01,211425261.114,Senegal,World
2016-07-01,1233734220,Serbia,World
2016-07-01,46657388.603,Seychelles,World
2016-07-01,21452573886.571,India,World
2016-07-01,28252250739.023,Singapore,World
2016-07-01,5189471511.738,Slovakia,World
2016-07-01,14907802103,Viet Nam,World
2016-07-01,2735108966.838,Slovenia,World
2016-07-01,6373868442.164,South Africa,World
2016-07-01,210237876.93,Zimbabwe,World
2016-07-01,24523057686.458,Spain,World
2016-07-01,185303459,Sudan,World
2016-07-01,129171118.586,Eswatini,World
2016-07-01,10051088005.368,Sweden,World
2016-07-01,26629102249.965,Switzerland,World
2016-07-01,17064054900.46,Thailand,World
2016-07-01,69217393.335,Togo,World
2016-07-01,375940103.171,Trinidad and Tobago,World
2016-07-01,10286292933,Türkiye,World
2016-07-01,189465028.84,Uganda,World
2016-07-01,2922798385.86,Ukraine,World
2016-07-01,453992259.84,North Macedonia,World
2016-07-01,1705852014.844,Egypt,World
2016-07-01,31381799198.532,United Kingdom,World
2016-07-01,115775187293,USA,World
2016-07-01,176462630.738,Burkina Faso,World
2016-07-01,19854454.668,Yemen,World
2016-07-01,563121566,Zambia,World
2016-08-01,2856501659.61,Algeria,World
2016-08-01,5800649.117,Andorra,World
2016-08-01,2650997415.96,Angola,World
2016-08-01,736627.708,Antigua and Barbuda,World
2016-08-01,1262896084.93,Azerbaijan,World
2016-08-01,5770366593.46,Argentina,World
2016-08-01,16225192720.572,Australia,World
2016-08-01,11652486169.148,Austria,World
2016-08-01,834225894.19,Bahrain,World
2016-08-01,161324744.4,Armenia,World
2016-08-01,30938327.5,Barbados,World
2016-08-01,21288818956.966,Belgium,World
2016-08-01,1069273.55,Bermuda,World
2016-08-01,696832070.35,Bolivia (Plurinational State of),World
2016-08-01,422150416,Bosnia Herzegovina,World
2016-08-01,16863031142,Brazil,World
2016-08-01,32679112.265,Belize,World
2016-08-01,31777337.26,Solomon Isds,World
2016-08-01,342170378.951,Brunei Darussalam,World
2016-08-01,2307117546.825,Bulgaria,World
2016-08-01,1381557619.923,Myanmar,World
2016-08-01,4431440.003,Burundi,World
2016-08-01,2060730300,Belarus,World
2016-08-01,215806358,Cambodia,World
2016-08-01,33628439913.653,Canada,World
2016-08-01,4980455081.654,Chile,World
2016-08-01,188785222365,China,World
2016-08-01,3004380695.59,Colombia,World
2016-08-01,2268069.499,Comoros,World
2016-08-01,835725043.147,Congo,World
2016-08-01,571688407.78,Dem. Rep. of the Congo,World
2016-08-01,1033773628,Croatia,World
2016-08-01,208783761.308,Cyprus,World
2016-08-01,12757463298,Czechia,World
2016-08-01,19545209.494,Benin,World
2016-08-01,7701930021.463,Denmark,World
2016-08-01,886031483.729,Dominican Rep.,World
2016-08-01,1385046916.54,Ecuador,World
2016-08-01,439298192.22,El Salvador,World
2016-08-01,162078824.27,Ethiopia,World
2016-08-01,1224620669.184,Estonia,World
2016-08-01,98372023.029,Fiji,World
2016-08-01,4472455348.063,Finland,World
2016-08-01,34912001942.508,France,World
2016-08-01,7210336.879,French Polynesia,World
2016-08-01,188381355.5,Georgia,World
2016-08-01,515405.828,Gambia,World
2016-08-01,108068449578.837,Germany,World
2016-08-01,1730524365.394,Ghana,World
2016-08-01,2163647861.656,Greece,World
2016-08-01,63550656.86,Greenland,World
2016-08-01,2622735.896,Grenada,World
2016-08-01,883276118,Guatemala,World
2016-08-01,114435949.511,Guyana,World
2016-08-01,329739479,Honduras,World
2016-08-01,43548592009.282,"China, Hong Kong SAR",World
2016-08-01,8041108985,Hungary,World
2016-08-01,344642144.306,Iceland,World
2016-08-01,12753921321.129,Indonesia,World
2016-08-01,11732710750.3,Ireland,World
2016-08-01,4211280000,Israel,World
2016-08-01,30161377356.561,Italy,World
2016-08-01,720116392.952,Côte d'Ivoire,World
2016-08-01,52501787896.375,Japan,World
2016-08-01,3023226565.4,Kazakhstan,World
2016-08-01,40124702392,Rep. of Korea,World
2016-08-01,3903559163.347,Kuwait,World
2016-08-01,125259005,Kyrgyzstan,World
2016-08-01,215806358,Lao People's Dem. Rep.,World
2016-08-01,1001468066.686,Latvia,World
2016-08-01,2099064973.96,Lithuania,World
2016-08-01,998936702.422,Luxembourg,World
2016-08-01,44072122.29,"China, Macao SAR",World
2016-08-01,168122815.556,Madagascar,World
2016-08-01,120121176.775,Malawi,World
2016-08-01,16781920851.67,Malaysia,World
2016-08-01,173853361.696,Malta,World
2016-08-01,175756215.641,Mauritius,World
2016-08-01,50271050682,Mexico,World
2016-08-01,394257068.981,Mongolia,World
2016-08-01,168041336,Rep. of Moldova,World
2016-08-01,32965710.649,Montenegro,World
2016-08-01,153101.554,Montserrat,World
2016-08-01,262734134.2,Mozambique,World
2016-08-01,2272918989.169,Oman,World
2016-08-01,37625964902.02,Netherlands,World
2016-08-01,2447044017.299,New Zealand,World
2016-08-01,7109206751.666,Norway,World
2016-08-01,1671925215.392,Pakistan,World
2016-08-01,55450194,Panama,World
2016-08-01,721236120,Paraguay,World
2016-08-01,3180920099.9,Peru,World
2016-08-01,4974530867,Philippines,World
2016-08-01,14923856997,Poland,World
2016-08-01,3882368992.232,Portugal,World
2016-08-01,4971009931.753,Qatar,World
2016-08-01,4988644497.216,Romania,World
2016-08-01,24479569024.86,Russian Federation,World
2016-08-01,57376182.646,Rwanda,World
2016-08-01,3395113.764,Saint Kitts and Nevis,World
2016-08-01,383320.277,Sao Tome and Principe,World
2016-08-01,15641850485.523,Saudi Arabia,World
2016-08-01,243227826.28,Senegal,World
2016-08-01,1119333298,Serbia,World
2016-08-01,35946743.197,Seychelles,World
2016-08-01,21261198259.636,India,World
2016-08-01,28667780179.691,Singapore,World
2016-08-01,6293798697.016,Slovakia,World
2016-08-01,16095704331,Viet Nam,World
2016-08-01,2398175155.32,Slovenia,World
2016-08-01,6544551191.439,South Africa,World
2016-08-01,236406903.41,Zimbabwe,World
2016-08-01,19456892373.128,Spain,World
2016-08-01,648568973,Sudan,World
2016-08-01,147041162.288,Eswatini,World
2016-08-01,10442065029.12,Sweden,World
2016-08-01,24284240154.569,Switzerland,World
2016-08-01,18744781894.47,Thailand,World
2016-08-01,62158762.309,Togo,World
2016-08-01,651465404.792,Trinidad and Tobago,World
2016-08-01,12342120329,Türkiye,World
2016-08-01,193573667.53,Uganda,World
2016-08-01,3177474538.33,Ukraine,World
2016-08-01,402335600.53,North Macedonia,World
2016-08-01,1877712582.057,Egypt,World
2016-08-01,30784298684.177,United Kingdom,World
2016-08-01,122619384394,USA,World
2016-08-01,214700272.806,Burkina Faso,World
2016-08-01,36013385.354,Yemen,World
2016-08-01,501583123,Zambia,World
2016-09-01,3053364521.535,Algeria,World
2016-09-01,8963194.869,Andorra,World
2016-09-01,2324315186.46,Angola,World
2016-09-01,378797.099,Antigua and Barbuda,World
2016-09-01,744271397.28,Azerbaijan,World
2016-09-01,5042229336.58,Argentina,World
2016-09-01,15981147423.056,Australia,World
2016-09-01,13411542790.387,Austria,World
2016-09-01,810644340.509,Bahrain,World
2016-09-01,159172496.19,Armenia,World
2016-09-01,38749341.5,Barbados,World
2016-09-01,24133688344.509,Belgium,World
2016-09-01,483772.7,Bermuda,World
2016-09-01,639361977.31,Bolivia (Plurinational State of),World
2016-09-01,468751473,Bosnia Herzegovina,World
2016-09-01,15684375284,Brazil,World
2016-09-01,17023663.249,Belize,World
2016-09-01,31518869.364,Solomon Isds,World
2016-09-01,403476854.191,Brunei Darussalam,World
2016-09-01,2392420928.203,Bulgaria,World
2016-09-01,754750888.853,Myanmar,World
2016-09-01,11251018.714,Burundi,World
2016-09-01,2061734500,Belarus,World
2016-09-01,274367820,Cambodia,World
2016-09-01,33862033184.624,Canada,World
2016-09-01,4941912651.786,Chile,World
2016-09-01,183453113937,China,World
2016-09-01,2730475488.55,Colombia,World
2016-09-01,5921131.367,Comoros,World
2016-09-01,1300837565.924,Congo,World
2016-09-01,570326027.131,Dem. Rep. of the Congo,World
2016-09-01,1251320745,Croatia,World
2016-09-01,303459384.989,Cyprus,World
2016-09-01,14346053273,Czechia,World
2016-09-01,21241834.884,Benin,World
2016-09-01,8415199616.418,Denmark,World
2016-09-01,883768100.861,Dominican Rep.,World
2016-09-01,1406647813.23,Ecuador,World
2016-09-01,444941386.21,El Salvador,World
2016-09-01,106802347.53,Ethiopia,World
2016-09-01,1312298565.805,Estonia,World
2016-09-01,77335810.045,Fiji,World
2016-09-01,5113319632.029,Finland,World
2016-09-01,42262999880.674,France,World
2016-09-01,30593272.919,French Polynesia,World
2016-09-01,202843073.68,Georgia,World
2016-09-01,2337913.492,Gambia,World
2016-09-01,118831242090.459,Germany,World
2016-09-01,1236804944.113,Ghana,World
2016-09-01,2625690993.39,Greece,World
2016-09-01,50011664.27,Greenland,World
2016-09-01,1920093.265,Grenada,World
2016-09-01,843064439,Guatemala,World
2016-09-01,139675314.433,Guyana,World
2016-09-01,258147498,Honduras,World
2016-09-01,47002304997.43,"China, Hong Kong SAR",World
2016-09-01,9404455795,Hungary,World
2016-09-01,403699674.454,Iceland,World
2016-09-01,12579744249.945,Indonesia,World
2016-09-01,11756355113.713,Ireland,World
2016-09-01,5622206000,Israel,World
2016-09-01,40007145692.58,Italy,World
2016-09-01,638087776.967,Côte d'Ivoire,World
2016-09-01,58546465779.75,Japan,World
2016-09-01,3259280227.97,Kazakhstan,World
2016-09-01,40846176068,Rep. of Korea,World
2016-09-01,3854650969.857,Kuwait,World
2016-09-01,166623313,Kyrgyzstan,World
2016-09-01,274367820,Lao People's Dem. Rep.,World
2016-09-01,1084795307.599,Latvia,World
2016-09-01,2282538597.99,Lithuania,World
2016-09-01,1152331855.636,Luxembourg,World
2016-09-01,36115724.757,"China, Macao SAR",World
2016-09-01,185929998.706,Madagascar,World
2016-09-01,94491022.928,Malawi,World
2016-09-01,16558106286.29,Malaysia,World
2016-09-01,207201572.08,Malta,World
2016-09-01,191710226.344,Mauritius,World
2016-09-01,32682978323,Mexico,World
2016-09-01,328393049.023,Mongolia,World
2016-09-01,193604027,Rep. of Moldova,World
2016-09-01,32430207.646,Montenegro,World
2016-09-01,829911.107,Montserrat,World
2016-09-01,266729262.296,Mozambique,World
2016-09-01,2474873319.498,Oman,World
2016-09-01,41191215666.292,Netherlands,World
2016-09-01,2533040388.943,New Zealand,World
2016-09-01,7009814877.311,Norway,World
2016-09-01,1548587658.55,Pakistan,World
2016-09-01,55150376,Panama,World
2016-09-01,722370526,Paraguay,World
2016-09-01,3197225630.09,Peru,World
2016-09-01,5210676845,Philippines,World
2016-09-01,17459464608,Poland,World
2016-09-01,4924477270.438,Portugal,World
2016-09-01,4708441117.531,Qatar,World
2016-09-01,5879656173.553,Romania,World
2016-09-01,27209370913.3,Russian Federation,World
2016-09-01,51345591.135,Rwanda,World
2016-09-01,2330763.884,Saint Kitts and Nevis,World
2016-09-01,1880084.198,Sao Tome and Principe,World
2016-09-01,14959622166.072,Saudi Arabia,World
2016-09-01,171491941.239,Senegal,World
2016-09-01,1348193091,Serbia,World
2016-09-01,45091518.056,Seychelles,World
2016-09-01,22543970518.601,India,World
2016-09-01,29200165724.741,Singapore,World
2016-09-01,6915434634.191,Slovakia,World
2016-09-01,15418317331,Viet Nam,World
2016-09-01,2971219661.329,Slovenia,World
2016-09-01,7436175397.379,South Africa,World
2016-09-01,304984148.83,Zimbabwe,World
2016-09-01,24230615506.25,Spain,World
2016-09-01,347613492,Sudan,World
2016-09-01,162275874.755,Eswatini,World
2016-09-01,12698053481.688,Sweden,World
2016-09-01,26261461077.141,Switzerland,World
2016-09-01,19437923964,Thailand,World
2016-09-01,51020839.748,Togo,World
2016-09-01,1045376131.136,Trinidad and Tobago,World
2016-09-01,11376777023,Türkiye,World
2016-09-01,196007505.14,Uganda,World
2016-09-01,3156380308.31,Ukraine,World
2016-09-01,446599489.3,North Macedonia,World
2016-09-01,1606488699.688,Egypt,World
2016-09-01,33367843433.128,United Kingdom,World
2016-09-01,124440266680,USA,World
2016-09-01,180171407.485,Burkina Faso,World
2016-09-01,488462141,Zambia,World
2016-10-01,2678351657.061,Algeria,World
2016-10-01,7821367.988,Andorra,World
2016-10-01,2519605167.53,Angola,World
2016-10-01,593164.622,Antigua and Barbuda,World
2016-10-01,638493425.01,Azerbaijan,World
2016-10-01,4728528144.65,Argentina,World
2016-10-01,16234747235.233,Australia,World
2016-10-01,12842837319.225,Austria,World
2016-10-01,756039128.496,Bahrain,World
2016-10-01,161446565.62,Armenia,World
2016-10-01,37054094,Barbados,World
2016-10-01,23154939294.773,Belgium,World
2016-10-01,434132.56,Bermuda,World
2016-10-01,672620757.69,Bolivia (Plurinational State of),World
2016-10-01,469570901,Bosnia Herzegovina,World
2016-10-01,13594442181,Brazil,World
2016-10-01,14794042.093,Belize,World
2016-10-01,46942226.28,Solomon Isds,World
2016-10-01,394430520.329,Brunei Darussalam,World
2016-10-01,2426074198.744,Bulgaria,World
2016-10-01,1119669138.495,Myanmar,World
2016-10-01,11526081.187,Burundi,World
2016-10-01,2021620900,Belarus,World
2016-10-01,240196187,Cambodia,World
2016-10-01,33601294490.665,Canada,World
2016-10-01,4794407995.591,Chile,World
2016-10-01,176870062421,China,World
2016-10-01,2716698685.74,Colombia,World
2016-10-01,4249177.525,Comoros,World
2016-10-01,686760015.311,Congo,World
2016-10-01,571804711.482,Dem. Rep. of the Congo,World
2016-10-01,1255812069,Croatia,World
2016-10-01,240895303.745,Cyprus,World
2016-10-01,13881026924,Czechia,World
2016-10-01,13146483.773,Benin,World
2016-10-01,7978961484.415,Denmark,World
2016-10-01,866329696.683,Dominican Rep.,World
2016-10-01,1618429220.775,Ecuador,World
2016-10-01,441928156.11,El Salvador,World
2016-10-01,116374712.709,Ethiopia,World
2016-10-01,1195141951.339,Estonia,World
2016-10-01,74701586.678,Fiji,World
2016-10-01,4997627728.138,Finland,World
2016-10-01,40111958699.871,France,World
2016-10-01,8508101.831,French Polynesia,World
2016-10-01,190595286.49,Georgia,World
2016-10-01,6148049.733,Gambia,World
2016-10-01,111789934068.954,Germany,World
2016-10-01,815579199.943,Ghana,World
2016-10-01,2516806316.351,Greece,World
2016-10-01,38051342.89,Greenland,World
2016-10-01,2205454.461,Grenada,World
2016-10-01,721124973,Guatemala,World
2016-10-01,122832597.947,Guyana,World
2016-10-01,264943580,Honduras,World
2016-10-01,44774372566.374,"China, Hong Kong SAR",World
2016-10-01,8786566216,Hungary,World
2016-10-01,430673717.779,Iceland,World
2016-10-01,12743736688.724,Indonesia,World
2016-10-01,11244875273.632,Ireland,World
2016-10-01,3854603000,Israel,World
2016-10-01,39358482899.745,Italy,World
2016-10-01,603013708.585,Côte d'Ivoire,World
2016-10-01,56543668768.16,Japan,World
2016-10-01,2807813166.95,Kazakhstan,World
2016-10-01,41982412387,Rep. of Korea,World
2016-10-01,3840958343.887,Kuwait,World
2016-10-01,140344265,Kyrgyzstan,World
2016-10-01,240196187,Lao People's Dem. Rep.,World
2016-10-01,1084362957.409,Latvia,World
2016-10-01,2244069476.99,Lithuania,World
2016-10-01,1044596378.024,Luxembourg,World
2016-10-01,34732251.254,"China, Macao SAR",World
2016-10-01,203037535.864,Madagascar,World
2016-10-01,98381541.762,Malawi,World
2016-10-01,16563401168.617,Malaysia,World
2016-10-01,215838083.647,Malta,World
2016-10-01,172142434.846,Mauritius,World
2016-10-01,32590000285,Mexico,World
2016-10-01,347732641.382,Mongolia,World
2016-10-01,200828406,Rep. of Moldova,World
2016-10-01,32726543.769,Montenegro,World
2016-10-01,200125.704,Montserrat,World
2016-10-01,275424101.637,Mozambique,World
2016-10-01,2763702055.532,Oman,World
2016-10-01,39367824997.999,Netherlands,World
2016-10-01,2783162823.265,New Zealand,World
2016-10-01,7599734126.343,Norway,World
2016-10-01,1761721877.276,Pakistan,World
2016-10-01,47705982,Panama,World
2016-10-01,617136399,Paraguay,World
2016-10-01,3508333077.88,Peru,World
2016-10-01,4938311635,Philippines,World
2016-10-01,16750642118,Poland,World
2016-10-01,4771276720.656,Portugal,World
2016-10-01,5151137593.098,Qatar,World
2016-10-01,5596321688.07,Romania,World
2016-10-01,26383142674.46,Russian Federation,World
2016-10-01,55973647.556,Rwanda,World
2016-10-01,2416735.802,Saint Kitts and Nevis,World
2016-10-01,1964847.203,Sao Tome and Principe,World
2016-10-01,15568522127.196,Saudi Arabia,World
2016-10-01,175161289.596,Senegal,World
2016-10-01,1267546422,Serbia,World
2016-10-01,39821290.15,Seychelles,World
2016-10-01,22976035321.438,India,World
2016-10-01,28654116133.176,Singapore,World
2016-10-01,7188231455.31,Slovakia,World
2016-10-01,15400690291,Viet Nam,World
2016-10-01,2803714683.788,Slovenia,World
2016-10-01,6244814385.391,South Africa,World
2016-10-01,373660846.62,Zimbabwe,World
2016-10-01,23991122318.488,Spain,World
2016-10-01,277579085,Sudan,World
2016-10-01,161134579.204,Eswatini,World
2016-10-01,11812415979.25,Sweden,World
2016-10-01,25573418036.524,Switzerland,World
2016-10-01,17756856239.6,Thailand,World
2016-10-01,74261621.117,Togo,World
2016-10-01,528014050.82,Trinidad and Tobago,World
2016-10-01,13491939034,Türkiye,World
2016-10-01,209087119.34,Uganda,World
2016-10-01,3239595637.45,Ukraine,World
2016-10-01,431288849.11,North Macedonia,World
2016-10-01,1884856447.773,Egypt,World
2016-10-01,33059725423.038,United Kingdom,World
2016-10-01,128473623776,USA,World
2016-10-01,167389511.318,Burkina Faso,World
2016-10-01,549908056,Zambia,World
2016-11-01,2512721752.61,Algeria,World
2016-11-01,7665485.289,Andorra,World
2016-11-01,2348265728.33,Angola,World
2016-11-01,755141.163,Antigua and Barbuda,World
2016-11-01,951442684.19,Azerbaijan,World
2016-11-01,4847654055.34,Argentina,World
2016-11-01,17587504305.703,Australia,World
2016-11-01,13441690522.414,Austria,World
2016-11-01,746609644.864,Bahrain,World
2016-11-01,167588465.57,Armenia,World
2016-11-01,49421791.5,Barbados,World
2016-11-01,24136306744.373,Belgium,World
2016-11-01,563782.14,Bermuda,World
2016-11-01,585040730.67,Bolivia (Plurinational State of),World
2016-11-01,504630596,Bosnia Herzegovina,World
2016-11-01,14212824778,Brazil,World
2016-11-01,13938690.52,Belize,World
2016-11-01,40257857.312,Solomon Isds,World
2016-11-01,416027142.841,Brunei Darussalam,World
2016-11-01,2412339138.961,Bulgaria,World
2016-11-01,766435942.197,Myanmar,World
2016-11-01,13192443.493,Burundi,World
2016-11-01,2009739000,Belarus,World
2016-11-01,424458002,Cambodia,World
2016-11-01,34717331292.869,Canada,World
2016-11-01,5252496671.435,Chile,World
2016-11-01,193563952435,China,World
2016-11-01,2699530273.03,Colombia,World
2016-11-01,5231167.123,Comoros,World
2016-11-01,71115681.657,Congo,World
2016-11-01,663852579.416,Dem. Rep. of the Congo,World
2016-11-01,1303001983,Croatia,World
2016-11-01,232211257.687,Cyprus,World
2016-11-01,14266679356,Czechia,World
2016-11-01,14257840.874,Benin,World
2016-11-01,8169926033.823,Denmark,World
2016-11-01,837880238.405,Dominican Rep.,World
2016-11-01,1431804001.691,Ecuador,World
2016-11-01,434095751.21,El Salvador,World
2016-11-01,154184985.952,Ethiopia,World
2016-11-01,1214869859.402,Estonia,World
2016-11-01,67580326.507,Fiji,World
2016-11-01,4899665050.699,Finland,World
2016-11-01,41394154495.116,France,World
2016-11-01,14730306.804,French Polynesia,World
2016-11-01,219414185.35,Georgia,World
2016-11-01,4104702.89,Gambia,World
2016-11-01,116623335942.139,Germany,World
2016-11-01,1204386711.119,Ghana,World
2016-11-01,2382343427.019,Greece,World
2016-11-01,47823034.04,Greenland,World
2016-11-01,3892805.737,Grenada,World
2016-11-01,859035408,Guatemala,World
2016-11-01,127147911.14,Guyana,World
2016-11-01,277506583,Honduras,World
2016-11-01,49404916086.574,"China, Hong Kong SAR",World
2016-11-01,9253842347,Hungary,World
2016-11-01,365577514.491,Iceland,World
2016-11-01,13502916382.69,Indonesia,World
2016-11-01,12096173261.242,Ireland,World
2016-11-01,5438779000,Israel,World
2016-11-01,39737751639.273,Italy,World
2016-11-01,1028689411.009,Côte d'Ivoire,World
2016-11-01,55347608025.163,Japan,World
2016-11-01,3661118691.03,Kazakhstan,World
2016-11-01,45308126786,Rep. of Korea,World
2016-11-01,3892198430.559,Kuwait,World
2016-11-01,141899590,Kyrgyzstan,World
2016-11-01,424458002,Lao People's Dem. Rep.,World
2016-11-01,1046109754.056,Latvia,World
2016-11-01,2252554231.99,Lithuania,World
2016-11-01,1072212178.347,Luxembourg,World
2016-11-01,34022077.068,"China, Macao SAR",World
2016-11-01,239165628.017,Madagascar,World
2016-11-01,110413335.24,Malawi,World
2016-11-01,16800377566.174,Malaysia,World
2016-11-01,283799324.731,Malta,World
2016-11-01,182315596.202,Mauritius,World
2016-11-01,34342699679,Mexico,World
2016-11-01,421944756.127,Mongolia,World
2016-11-01,217641741,Rep. of Moldova,World
2016-11-01,34993798.252,Montenegro,World
2016-11-01,383482.002,Montserrat,World
2016-11-01,377785427.34,Mozambique,World
2016-11-01,2499106791.959,Oman,World
2016-11-01,41769609398.234,Netherlands,World
2016-11-01,2752292643.059,New Zealand,World
2016-11-01,8089405562.515,Norway,World
2016-11-01,1774492384.757,Pakistan,World
2016-11-01,50463280,Panama,World
2016-11-01,578345937,Paraguay,World
2016-11-01,3359901537.3,Peru,World
2016-11-01,4732252287,Philippines,World
2016-11-01,16596839428,Poland,World
2016-11-01,5036337654.737,Portugal,World
2016-11-01,5158616148.68,Qatar,World
2016-11-01,5730096876.544,Romania,World
2016-11-01,28417480823.99,Russian Federation,World
2016-11-01,55493356.803,Rwanda,World
2016-11-01,2226444.929,Saint Kitts and Nevis,World
2016-11-01,1078033.76,Sao Tome and Principe,World
2016-11-01,15416316070.272,Saudi Arabia,World
2016-11-01,452989139.922,Senegal,World
2016-11-01,1271030918,Serbia,World
2016-11-01,64631229.753,Seychelles,World
2016-11-01,19795470917.666,India,World
2016-11-01,29706457773.593,Singapore,World
2016-11-01,7248784817.508,Slovakia,World
2016-11-01,16131647894,Viet Nam,World
2016-11-01,2864165999.607,Slovenia,World
2016-11-01,7212541753.927,South Africa,World
2016-11-01,512915921.96,Zimbabwe,World
2016-11-01,25406055681.879,Spain,World
2016-11-01,283189269,Sudan,World
2016-11-01,207550427.507,Eswatini,World
2016-11-01,12379189197.376,Sweden,World
2016-11-01,27335283244.126,Switzerland,World
2016-11-01,18908561781.11,Thailand,World
2016-11-01,61309739.121,Togo,World
2016-11-01,598344187.984,Trinidad and Tobago,World
2016-11-01,13378228023,Türkiye,World
2016-11-01,253169563.43,Uganda,World
2016-11-01,3622821605.47,Ukraine,World
2016-11-01,383797722.14,North Macedonia,World
2016-11-01,2207037541.575,Egypt,World
2016-11-01,36036623016.256,United Kingdom,World
2016-11-01,122950910135,USA,World
2016-11-01,254579185.313,Burkina Faso,World
2016-11-01,581606601,Zambia,World
2016-12-01,2441704839.035,Algeria,World
2016-12-01,8876655.369,Andorra,World
2016-12-01,2814125724.12,Angola,World
2016-12-01,1870435.9,Antigua and Barbuda,World
2016-12-01,821941868.43,Azerbaijan,World
2016-12-01,4628089684.32,Argentina,World
2016-12-01,20675451875.963,Australia,World
2016-12-01,11521194698.725,Austria,World
2016-12-01,836404139.972,Bahrain,World
2016-12-01,158342575.29,Armenia,World
2016-12-01,51647261.5,Barbados,World
2016-12-01,21915393688.786,Belgium,World
2016-12-01,274665.76,Bermuda,World
2016-12-01,578414848.75,Bolivia (Plurinational State of),World
2016-12-01,471003660,Bosnia Herzegovina,World
2016-12-01,15773205272,Brazil,World
2016-12-01,12358965.56,Belize,World
2016-12-01,38697230.532,Solomon Isds,World
2016-12-01,357102404.599,Brunei Darussalam,World
2016-12-01,2233423780.211,Bulgaria,World
2016-12-01,1017824393.637,Myanmar,World
2016-12-01,12825945.011,Burundi,World
2016-12-01,2130844700,Belarus,World
2016-12-01,356548531,Cambodia,World
2016-12-01,33763021443.749,Canada,World
2016-12-01,6292206450.039,Chile,World
2016-12-01,209154044120,China,World
2016-12-01,3374346790.4,Colombia,World
2016-12-01,2928548.326,Comoros,World
2016-12-01,699734167.36,Congo,World
2016-12-01,651929916.353,Dem. Rep. of the Congo,World
2016-12-01,1256132750,Croatia,World
2016-12-01,209561102.4,Cyprus,World
2016-12-01,11873676308,Czechia,World
2016-12-01,22527192.757,Benin,World
2016-12-01,7391036049.882,Denmark,World
2016-12-01,749487922.849,Dominican Rep.,World
2016-12-01,1587463097.59,Ecuador,World
2016-12-01,402065934.58,El Salvador,World
2016-12-01,142112285.543,Ethiopia,World
2016-12-01,1110363419.161,Estonia,World
2016-12-01,70332021.209,Fiji,World
2016-12-01,4696817679.442,Finland,World
2016-12-01,42464925986.642,France,World
2016-12-01,46319235.522,French Polynesia,World
2016-12-01,383288634.94,Georgia,World
2016-12-01,1054131.987,Gambia,World
2016-12-01,102706735318.212,Germany,World
2016-12-01,597133185.442,Ghana,World
2016-12-01,2411362414.813,Greece,World
2016-12-01,50725971.01,Greenland,World
2016-12-01,1746863.809,Grenada,World
2016-12-01,990799621,Guatemala,World
2016-12-01,171218716.664,Guyana,World
2016-12-01,369920146,Honduras,World
2016-12-01,47609853458.555,"China, Hong Kong SAR",World
2016-12-01,7692200041,Hungary,World
2016-12-01,368118838.849,Iceland,World
2016-12-01,13832355186.407,Indonesia,World
2016-12-01,9923022065.823,Ireland,World
2016-12-01,5399141000,Israel,World
2016-12-01,38067351938.831,Italy,World
2016-12-01,1140216358.743,Côte d'Ivoire,World
2016-12-01,57629169879.804,Japan,World
2016-12-01,3986664171.85,Kazakhstan,World
2016-12-01,45064670429,Rep. of Korea,World
2016-12-01,3865509585.25,Kuwait,World
2016-12-01,205215593,Kyrgyzstan,World
2016-12-01,356548531,Lao People's Dem. Rep.,World
2016-12-01,947367772.211,Latvia,World
2016-12-01,2134062416,Lithuania,World
2016-12-01,1083887091.855,Luxembourg,World
2016-12-01,24794952.411,"China, Macao SAR",World
2016-12-01,252002283.546,Madagascar,World
2016-12-01,47324111.972,Malawi,World
2016-12-01,16934261953.681,Malaysia,World
2016-12-01,214882420.184,Malta,World
2016-12-01,181601592.386,Mauritius,World
2016-12-01,33193255632,Mexico,World
2016-12-01,455276247.253,Mongolia,World
2016-12-01,193482006,Rep. of Moldova,World
2016-12-01,33849952.629,Montenegro,World
2016-12-01,285680.548,Montserrat,World
2016-12-01,363920270.59,Mozambique,World
2016-12-01,2006462089.874,Oman,World
2016-12-01,39658584949.838,Netherlands,World
2016-12-01,3087851953.809,New Zealand,World
2016-12-01,8470037320.077,Norway,World
2016-12-01,1735096192.094,Pakistan,World
2016-12-01,45377868,Panama,World
2016-12-01,485055093,Paraguay,World
2016-12-01,4060897920.7,Peru,World
2016-12-01,4951541045,Philippines,World
2016-12-01,14271356968,Poland,World
2016-12-01,4283355067.744,Portugal,World
2016-12-01,5290321931.485,Qatar,World
2016-12-01,4545506046.874,Romania,World
2016-12-01,33671897137.09,Russian Federation,World
2016-12-01,57761749.739,Rwanda,World
2016-12-01,1695439.475,Saint Kitts and Nevis,World
2016-12-01,1005519.27,Sao Tome and Principe,World
2016-12-01,15588190685.115,Saudi Arabia,World
2016-12-01,157370763.226,Senegal,World
2016-12-01,1236814265,Serbia,World
2016-12-01,19361429.839,Seychelles,World
2016-12-01,23658589670.808,India,World
2016-12-01,30868870265.789,Singapore,World
2016-12-01,5544559888.705,Slovakia,World
2016-12-01,16582994846,Viet Nam,World
2016-12-01,2555573663.714,Slovenia,World
2016-12-01,6581937010.435,South Africa,World
2016-12-01,340183197,Zimbabwe,World
2016-12-01,22008524531.882,Spain,World
2016-12-01,415146905,Sudan,World
2016-12-01,154208593.444,Eswatini,World
2016-12-01,11846944847.462,Sweden,World
2016-12-01,27587380409.664,Switzerland,World
2016-12-01,18172222919.28,Thailand,World
2016-12-01,68935527.944,Togo,World
2016-12-01,605703351.224,Trinidad and Tobago,World
2016-12-01,13455174639,Türkiye,World
2016-12-01,245494265.95,Uganda,World
2016-12-01,3630086774.24,Ukraine,World
2016-12-01,428505699.51,North Macedonia,World
2016-12-01,2069224019.97,Egypt,World
2016-12-01,39221782571.051,United Kingdom,World
2016-12-01,126563163016,USA,World
2016-12-01,291275195.084,Burkina Faso,World
2016-12-01,596696179,Zambia,World
