iso2c,iso3c,country,date,total_exports,GDP
AW,ABW,Aruba,2017,2305572783.82987,3092178770.94972
AW,ABW,Aruba,2018,2557265558.80941,3202234636.87151
AW,ABW,Aruba,2019,2561691719.54532,3368970253.05286
AW,ABW,Aruba,2020,1443955667.63774,2610038937.56355
AW,ABW,Aruba,2021,2200975707.82878,3126019399.06492
NA,AFE,Africa Eastern and Southern,2017,239864688258.097,1030482257898.25
NA,AFE,Africa Eastern and Southern,2018,264548940023.163,1016696893390.38
NA,AFE,Africa Eastern and Southern,2019,249993191922.686,1009051505055.59
NA,AFE,Africa Eastern and Southern,2020,208861449225.894,934179085451.04
NA,AFE,Africa Eastern and Southern,2021,291507690076.311,1089454323810.36
AF,AFG,Afghanistan,2017,1152896049.81817,18896352021.94
AF,AFG,Afghanistan,2018,1609472020.80143,18418848299.5825
AF,AFG,Afghanistan,2019,1515758748.64214,18904490262.913
AF,AFG,Afghanistan,2020,1476305961.364,20143442150.971
AF,AFG,Afghanistan,2021,NA,14786861638.4535
NA,AFW,Africa Western and Central,2017,140654343278.973,683748014299.694
NA,AFW,Africa Western and Central,2018,165969117965.989,766359667820.703
NA,AFW,Africa Western and Central,2019,176435712781.683,794719102944.191
NA,AFW,Africa Western and Central,2020,137237831186.512,784799699387.377
NA,AFW,Africa Western and Central,2021,NA,840187283626.448
AO,AGO,Angola,2017,35598035305.5607,68972769395.6274
AO,AGO,Angola,2018,41388891319.4605,77792944471.9494
AO,AGO,Angola,2019,35180142878.3236,69309110145.7687
AO,AGO,Angola,2020,21004445128.6022,53619073505.1377
AO,AGO,Angola,2021,33675000132.18,67404287260.3199
AL,ALB,Albania,2017,4143794703.49414,13019689336.6919
AL,ALB,Albania,2018,4784712029.25558,15156432309.8977
AL,ALB,Albania,2019,4822385625.67256,15401830754.0773
AL,ALB,Albania,2020,3460812843.45375,15131866270.5936
AL,ALB,Albania,2021,5611664986.91992,18255787479.1846
AD,AND,Andorra,2017,NA,3000180750.11297
AD,AND,Andorra,2018,NA,3218316013.22626
AD,AND,Andorra,2019,2334900069.26016,3155065487.51819
AD,AND,Andorra,2020,1841841695.9064,2891022272.98687
AD,AND,Andorra,2021,NA,3330281523.5391502
1A,ARB,Arab World,2017,NA,2598094271212.95
1A,ARB,Arab World,2018,NA,2800428454533.12
1A,ARB,Arab World,2019,NA,2818359324481.87
1A,ARB,Arab World,2020,NA,2491175410790
1A,ARB,Arab World,2021,NA,2862987423061.49
AE,ARE,United Arab Emirates,2017,NA,390516804016.501
AE,ARE,United Arab Emirates,2018,NA,427049432149.345
AE,ARE,United Arab Emirates,2019,NA,417989721734.494
AE,ARE,United Arab Emirates,2020,NA,349473015336.939
AE,ARE,United Arab Emirates,2021,NA,415021590683.006
AR,ARG,Argentina,2017,74168075513.7622,643628665302.155
AR,ARG,Argentina,2018,77143165816.1223,524819742918.669
AR,ARG,Argentina,2019,79964482529.4226,447754609218.678
AR,ARG,Argentina,2020,64431262041.1017,385540224628.292
AR,ARG,Argentina,2021,87415065694.0656,487227339102.67
AM,ARM,Armenia,2017,4410411869.70455,11527458565.7334
AM,ARM,Armenia,2018,4927027295.37741,12457941907.0333
AM,ARM,Armenia,2019,5794425536.86184,13619291361.2814
AM,ARM,Armenia,2020,3818190454.90442,12641697523.2966
AM,ARM,Armenia,2021,5011873652.69934,13861409968.835
AS,ASM,American Samoa,2017,NA,612000000
AS,ASM,American Samoa,2018,NA,639000000
AS,ASM,American Samoa,2019,NA,647000000
AS,ASM,American Samoa,2020,NA,716000000
AS,ASM,American Samoa,2021,NA,709000000
AG,ATG,Antigua and Barbuda,2017,988693922.478174,1467977777.77778
AG,ATG,Antigua and Barbuda,2018,1037965892.30921,1605944444.44444
AG,ATG,Antigua and Barbuda,2019,1195701557.19188,1687533333.33333
AG,ATG,Antigua and Barbuda,2020,590848723.424344,1370281481.48148
AG,ATG,Antigua and Barbuda,2021,749475680.774252,1471125925.92593
AU,AUS,Australia,2017,296713521928.582,1326516328531.56
AU,AUS,Australia,2018,327383989571.506,1428288504767.07
AU,AUS,Australia,2019,342485120995.344,1392227864397.08
AU,AUS,Australia,2020,300770017145.867,1326901059123.21
AU,AUS,Australia,2021,389794206371.914,1552667363236.06
AT,AUT,Austria,2017,225371898240.105,417261151844.977
AT,AUT,Austria,2018,252204594419.698,454991174096.102
AT,AUT,Austria,2019,247738118932.329,444621176100.548
AT,AUT,Austria,2020,224733724263.607,435225238000.437
AT,AUT,Austria,2021,268277047283.189,480368403893.364
AZ,AZE,Azerbaijan,2017,19840498000,40865558912.3867
AZ,AZE,Azerbaijan,2018,25484473000,47112941176.4706
AZ,AZE,Azerbaijan,2019,23629741259.9695,48174235294.1176
AZ,AZE,Azerbaijan,2020,15208753000,42693000000
AZ,AZE,Azerbaijan,2021,25487665000,54622176470.5882
BI,BDI,Burundi,2017,270686218.083633,2712324133.79776
BI,BDI,Burundi,2018,285105476.751206,2660123597.70762
BI,BDI,Burundi,2019,NA,2576518846.39
BI,BDI,Burundi,2020,NA,2649671998.86192
BI,BDI,Burundi,2021,NA,2779813489.02447
BE,BEL,Belgium,2017,418158032724.291,502764720556.354
BE,BEL,Belgium,2018,451405078851.594,543299066998.902
BE,BEL,Belgium,2019,441565880871.261,535830876745.097
BE,BEL,Belgium,2020,417221708786.67,525211810652.608
BE,BEL,Belgium,2021,515624743494.877,594104177539.525
BJ,BEN,Benin,2017,3314328544.98974,12701655845.9612
BJ,BEN,Benin,2018,3847619383.80707,14262408079.7014
BJ,BEN,Benin,2019,3584933958.0755,14391686309.033
BJ,BEN,Benin,2020,3506194079.7288,15651545208.8783
BJ,BEN,Benin,2021,NA,17144918952.4682
BF,BFA,Burkina Faso,2017,3731165463.13768,14106956830.0857
BF,BFA,Burkina Faso,2018,4511341340.12871,15890065019.7634
BF,BFA,Burkina Faso,2019,4467669903.98621,16178162030.0694
BF,BFA,Burkina Faso,2020,5355646932.99288,17933606353.1775
BF,BFA,Burkina Faso,2021,NA,19737615114.3661
BD,BGD,Bangladesh,2017,39170435004.246,293754646182.389
BD,BGD,Bangladesh,2018,44128038982.4148,321379023557.462
BD,BGD,Bangladesh,2019,44961040130.3925,351238474244.667
BD,BGD,Bangladesh,2020,38475972659.6309,373902134700.41
BD,BGD,Bangladesh,2021,49386074049.6489,416264942893.326
BG,BGR,Bulgaria,2017,39873370000,59199447421.4924
BG,BGR,Bulgaria,2018,43521580000,66363537115.2686
BG,BGR,Bulgaria,2019,44041210000,68915875214.6537
BG,BGR,Bulgaria,2020,39541290000,70240275010.1964
BG,BGR,Bulgaria,2021,51505160000,84056312734.3089
BH,BHR,Bahrain,2017,26732180851.0638,35473776595.7447
BH,BHR,Bahrain,2018,30097340425.5319,37802005319.1489
BH,BHR,Bahrain,2019,NA,38653318085.1064
BH,BHR,Bahrain,2020,NA,34723357446.8085
BH,BHR,Bahrain,2021,NA,38868663031.9149
BS,BHS,"Bahamas, The",2017,3762686593.8775,12357600000
BS,BHS,"Bahamas, The",2018,4751884606.5975,12755800000
BS,BHS,"Bahamas, The",2019,5163836865.5275,13192800000
BS,BHS,"Bahamas, The",2020,1650348615.73672,9699500000
BS,BHS,"Bahamas, The",2021,3201788916.59046,11208600000
BA,BIH,Bosnia and Herzegovina,2017,7432685496.14721,18080118186.009
BA,BIH,Bosnia and Herzegovina,2018,8592405563.65495,20183510863.0054
BA,BIH,Bosnia and Herzegovina,2019,8198634415.03453,20202479537.5193
BA,BIH,Bosnia and Herzegovina,2020,6936343373.65122,19950471170.6465
BA,BIH,Bosnia and Herzegovina,2021,9947584000.66009,23365361635.2201
BY,BLR,Belarus,2017,36595400000,54726595249.1849
BY,BLR,Belarus,2018,42267800000,60031262269.3365
BY,BLR,Belarus,2019,41974900000,64409647193.8044
BY,BLR,Belarus,2020,37183200000,61371126414.1663
BY,BLR,Belarus,2021,49425091959.88,68205380706.6609
BZ,BLZ,Belize,2017,1030908165.47966,2286000000
BZ,BLZ,Belize,2018,1071298551.55414,2315000000
BZ,BLZ,Belize,2019,1102475875.00024,2416500000
BZ,BLZ,Belize,2020,714623553.472427,2080000000
BZ,BLZ,Belize,2021,1044150001.35194,2491500000
BM,BMU,Bermuda,2017,1395210434.67126,7142316000
BM,BMU,Bermuda,2018,1585558509.22861,7225977000
BM,BMU,Bermuda,2019,1605054627.62346,7423465000
BM,BMU,Bermuda,2020,1027345720.41603,6887147000
BM,BMU,Bermuda,2021,1123004571.81299,7286607000
BO,BOL,Bolivia,2017,9588789732.47868,37508642165.3366
BO,BOL,Bolivia,2018,10399006027.069,40287647930.4761
BO,BOL,Bolivia,2019,10271105038.5825,40895322843.7851
BO,BOL,Bolivia,2020,7382920590.38415,36629843805.0216
BO,BOL,Bolivia,2021,11438797831.4756,40408208528.1599
BR,BRA,Brazil,2017,252458336890.85,2063507864886.88
BR,BRA,Brazil,2018,274902707890.085,1916947014067.55
BR,BRA,Brazil,2019,260074922548.885,1873274432754.47
BR,BRA,Brazil,2020,239282767974.035,1448559976218.19
BR,BRA,Brazil,2021,317175325612.4,1608981456325.08
BB,BRB,Barbados,2017,2227940415.54044,4981588900
BB,BRB,Barbados,2018,NA,5097283200
BB,BRB,Barbados,2019,NA,5324250000
BB,BRB,Barbados,2020,NA,4671800000
BB,BRB,Barbados,2021,NA,4843800000
BN,BRN,Brunei Darussalam,2017,6025744289.57607,12128104859.1498
BN,BRN,Brunei Darussalam,2018,7040938538.27712,13567351175.0315
BN,BRN,Brunei Darussalam,2019,7827700937.07237,13469422958.5105
BN,BRN,Brunei Darussalam,2020,6886208832.25464,12005825759.223
BN,BRN,Brunei Darussalam,2021,11201511893.5157,14006569575.68
BT,BTN,Bhutan,2017,716346961.256478,2450364928.07302
BT,BTN,Bhutan,2018,785622133.829875,2446866404.93058
BT,BTN,Bhutan,2019,777529115.268209,2535657069.05537
BT,BTN,Bhutan,2020,786680733.243581,2325184481.4277
BT,BTN,Bhutan,2021,741602086.09506,2539552984.67797
BW,BWA,Botswana,2017,6904828443.29604,16105182316.3307
BW,BWA,Botswana,2018,7532334395.5046,17031901441.1765
BW,BWA,Botswana,2019,6228711668.84286,16695928792.5697
BW,BWA,Botswana,2020,4809858106.79612,14930072458.5814
BW,BWA,Botswana,2021,7930762400.67093,17614791265.6824
CF,CAF,Central African Republic,2017,NA,2072349794.23301
CF,CAF,Central African Republic,2018,NA,2220978978.17342
CF,CAF,Central African Republic,2019,NA,2221301400.72468
CF,CAF,Central African Republic,2020,NA,2326720920.59223
CF,CAF,Central African Republic,2021,NA,2516498299.01212
CA,CAN,Canada,2017,518864192859.946,1649265644244.09
CA,CAN,Canada,2018,557656145915.904,1725329192783.02
CA,CAN,Canada,2019,561630247563.098,1742015045482.31
CA,CAN,Canada,2020,484226230456.384,1645423407568.36
CA,CAN,Canada,2021,611145897726.64,1988336331717.42
B8,CEB,Central Europe and the Baltics,2017,944835421517.777,1461462997744.97
B8,CEB,Central Europe and the Baltics,2018,1056859515694.12,1649466156164.77
B8,CEB,Central Europe and the Baltics,2019,1055859308046.43,1675083820501.22
B8,CEB,Central Europe and the Baltics,2020,1006464314184.32,1664902507747.84
B8,CEB,Central Europe and the Baltics,2021,1234091316530.95,1901935313869.67
CH,CHE,Switzerland,2017,457275130745.4,695200833086.499
CH,CHE,Switzerland,2018,485182909801.349,725568717468.001
CH,CHE,Switzerland,2019,478504811117.624,721369112726.724
CH,CHE,Switzerland,2020,474236187693.258,739913619797.445
CH,CHE,Switzerland,2021,571375897822.023,800640155387.26
JG,CHI,Channel Islands,2017,NA,NA
JG,CHI,Channel Islands,2018,NA,NA
JG,CHI,Channel Islands,2019,NA,NA
JG,CHI,Channel Islands,2020,NA,NA
JG,CHI,Channel Islands,2021,NA,NA
CL,CHL,Chile,2017,78097748667.3479,276364933679.626
CL,CHL,Chile,2018,84063817032.2498,295402652037.155
CL,CHL,Chile,2019,77254740134.3842,278584733103.01
CL,CHL,Chile,2020,79733393172.8393,252727193710.018
CL,CHL,Chile,2021,100634463561.903,317058508651.76
CN,CHN,China,2017,2429277356205.39,12310409370892.8
CN,CHN,China,2018,2651009602168.9,13894817549374.2
CN,CHN,China,2019,2630999236934.95,14279937500606.5
CN,CHN,China,2020,2738897986700.98,14687673892882
CN,CHN,China,2021,3554296099846.05,17734062645371.4
CI,CIV,Cote d'Ivoire,2017,12855832030.3664,51588158717.5348
CI,CIV,Cote d'Ivoire,2018,13084415386.5339,58011466450.8643
CI,CIV,Cote d'Ivoire,2019,13790700196.5208,58539424929.7248
CI,CIV,Cote d'Ivoire,2020,13231734044.6865,61348579465.1017
CI,CIV,Cote d'Ivoire,2021,NA,70043191477.0454
CM,CMR,Cameroon,2017,6548600006.74731,36098550141.5897
CM,CMR,Cameroon,2018,7301078164.06876,39973839064.6084
CM,CMR,Cameroon,2019,7730803119.56594,39670977332.7348
CM,CMR,Cameroon,2020,6124444785.32387,40773241531.2395
CM,CMR,Cameroon,2021,7448587084.2949,45338283344.8175
CD,COD,"Congo, Dem. Rep.",2017,11656298361.482,38019265625.8845
CD,COD,"Congo, Dem. Rep.",2018,16081644519.2321,47568210068.5136
CD,COD,"Congo, Dem. Rep.",2019,15173187659.7912,51775830725.8441
CD,COD,"Congo, Dem. Rep.",2020,13932327296.8958,48716960860.0664
CD,COD,"Congo, Dem. Rep.",2021,22353948161.9829,55350968593.0597
CG,COG,"Congo, Rep.",2017,NA,11094822713.3481
CG,COG,"Congo, Rep.",2018,NA,13670036996.0023
CG,COG,"Congo, Rep.",2019,7854704718.75779,12750339022.9915
CG,COG,"Congo, Rep.",2020,4669939816.00344,10483151175.8451
CG,COG,"Congo, Rep.",2021,NA,13366230219.5352
CO,COL,Colombia,2017,49321637421.5281,311883730442.045
CO,COL,Colombia,2018,53724018798.5033,334198218100.719
CO,COL,Colombia,2019,51324020019.4864,323109540251.855
CO,COL,Colombia,2020,38223632463.489,270299984937.97
CO,COL,Colombia,2021,50792742559.6399,314464137241.33
KM,COM,Comoros,2017,128196398.060158,1077439662.5798
KM,COM,Comoros,2018,149388996.312483,1188797574.94753
KM,COM,Comoros,2019,142209626.490449,1195019559.09381
KM,COM,Comoros,2020,68937270.2280274,1225039230.74083
KM,COM,Comoros,2021,139574958.510056,1296089632.60039
CV,CPV,Cabo Verde,2017,795488589.593232,1769787215.42141
CV,CPV,Cabo Verde,2018,963647129.765901,1966501117.61028
CV,CPV,Cabo Verde,2019,1006495479.59076,1981845740.70615
CV,CPV,Cabo Verde,2020,415241852.262414,1703698676.69742
CV,CPV,Cabo Verde,2021,459923369.662941,1936174043.45293
CR,CRI,Costa Rica,2017,19408369539.6998,60516043590.1832
CR,CRI,Costa Rica,2018,21481080533.9011,62420165099.7231
CR,CRI,Costa Rica,2019,22737736849.6006,64417670082.6127
CR,CRI,Costa Rica,2020,19995615502.5726,62158002233.0279
CR,CRI,Costa Rica,2021,23761065458.8512,64282438666.739
S3,CSS,Caribbean small states,2017,29921852366.2004,73590179849.8435
S3,CSS,Caribbean small states,2018,33325253435.9591,76350610223.413
S3,CSS,Caribbean small states,2019,32540700422.0128,77428424853.8962
S3,CSS,Caribbean small states,2020,21088337212.8581,65896805290.3286
S3,CSS,Caribbean small states,2021,32101633479.5683,75295300457.2966
CU,CUB,Cuba,2017,NA,96851000000
CU,CUB,Cuba,2018,NA,100050000000
CU,CUB,Cuba,2019,NA,103428000000
CU,CUB,Cuba,2020,NA,107352000000
CU,CUB,Cuba,2021,NA,NA
CW,CUW,Curacao,2017,1766117904,3009497206.70391
CW,CUW,Curacao,2018,1934706439.12291,3020388826.81564
CW,CUW,Curacao,2019,1774962069.82682,2995185474.86034
CW,CUW,Curacao,2020,1014456906.79888,2496174748.60335
CW,CUW,Curacao,2021,1279574961.52514,2699612458.10056
KY,CYM,Cayman Islands,2017,3824145798.5761,5166467298.69195
KY,CYM,Cayman Islands,2018,3959020399.24586,5530377535.1014
KY,CYM,Cayman Islands,2019,4205016947.31745,5943589103.56414
KY,CYM,Cayman Islands,2020,3651881975.17611,5608989199.56798
KY,CYM,Cayman Islands,2021,NA,5898449687.97711
CY,CYP,Cyprus,2017,17000470674.8204,22946726163.5789
CY,CYP,Cyprus,2018,19144948810.1229,25596474964.5725
CY,CYP,Cyprus,2019,19835078554.2788,25944504645.6957
CY,CYP,Cyprus,2020,20379031325.7446,25008448886.3507
CY,CYP,Cyprus,2021,24550696312.8806,28407867534.0035
CZ,CZE,Czechia,2017,173235013109.521,218628940951.675
CZ,CZE,Czechia,2018,191693669275.359,249000540729.179
CZ,CZE,Czechia,2019,186544809546.135,252548179964.897
CZ,CZE,Czechia,2020,172837271875.211,245974558654.043
CZ,CZE,Czechia,2021,204784597035.041,281777887121.451
DE,DEU,Germany,2017,1741497554455.71,3690849152517.65
DE,DEU,Germany,2018,1881635356580.67,3974443355019.6
DE,DEU,Germany,2019,1815993509101.36,3888226035921.56
DE,DEU,Germany,2020,1675612437626.04,3889668895299.62
DE,DEU,Germany,2021,2003740245065.95,4259934911821.64
DJ,DJI,Djibouti,2017,4146589316.9631,2762581334.22612
DJ,DJI,Djibouti,2018,4563067954.82807,2913466732.12507
DJ,DJI,Djibouti,2019,5149672801.75106,3088853638.56832
DJ,DJI,Djibouti,2020,3694847410.64177,3181071153.6622
DJ,DJI,Djibouti,2021,5160239532.75077,3482987379.0942
DM,DMA,Dominica,2017,217536249.507622,521551851.851852
DM,DMA,Dominica,2018,156550657.769631,554770370.37037
DM,DMA,Dominica,2019,211175033.061927,611537037.037037
DM,DMA,Dominica,2020,94823265.7817804,504214814.814815
DM,DMA,Dominica,2021,104958563.549263,554181481.481481
DK,DNK,Denmark,2017,183375497492.701,332121063806.391
DK,DNK,Denmark,2018,201744934156.01,356841216410.068
DK,DNK,Denmark,2019,205019079350.807,346498737961.635
DK,DNK,Denmark,2020,195728690130.19,355222449505.211
DK,DNK,Denmark,2021,234262460482.491,398303272764.46
DO,DOM,Dominican Republic,2017,18991400000,79997975621.8654
DO,DOM,Dominican Republic,2018,20051700000,85555378042.8196
DO,DOM,Dominican Republic,2019,20509200000,88941299733.5018
DO,DOM,Dominican Republic,2020,14889400000,78844702329.0785
DO,DOM,Dominican Republic,2021,20509000000,94243453937.4462
DZ,DZA,Algeria,2017,37680842571.7904,170097014589.134
DZ,DZA,Algeria,2018,44387318895.8475,174910878623.049
DZ,DZA,Algeria,2019,38551346600.0539,171767403748.19
DZ,DZA,Algeria,2020,24901914032.5803,145009181490.62
DZ,DZA,Algeria,2021,41775539272.8835,163044443983.759
4E,EAP,East Asia & Pacific (excluding high income),2017,3528209530047.23,14877277929156.4
4E,EAP,East Asia & Pacific (excluding high income),2018,3855327723102.38,16640444719655.7
4E,EAP,East Asia & Pacific (excluding high income),2019,3843500185770.02,17207855739652.5
4E,EAP,East Asia & Pacific (excluding high income),2020,3823986810399.91,17486916629390.6
4E,EAP,East Asia & Pacific (excluding high income),2021,4865493434898.57,20751789915914.3
V2,EAR,Early-demographic dividend,2017,2621006867511.36,11295052797674.5
V2,EAR,Early-demographic dividend,2018,2919100984768.46,11421920659971.4
V2,EAR,Early-demographic dividend,2019,2922847596830.95,11638001740869.6
V2,EAR,Early-demographic dividend,2020,2439161309331.48,10851370332817.7
V2,EAR,Early-demographic dividend,2021,3229236346635.24,12637296304146.5
Z4,EAS,East Asia & Pacific,2017,7097601923528.06,24324883921969
Z4,EAS,East Asia & Pacific,2018,7700420143078.97,26482255890882.1
Z4,EAS,East Asia & Pacific,2019,7552100155557.39,27028297830157.6
Z4,EAS,East Asia & Pacific,2020,7221623229626.2,27127309724583.3
Z4,EAS,East Asia & Pacific,2021,9031309464738.94,30911686458694.3
7E,ECA,Europe & Central Asia (excluding high income),2017,925380791043.665,3118194050588.17
7E,ECA,Europe & Central Asia (excluding high income),2018,1085078704716.94,3182536273975.65
7E,ECA,Europe & Central Asia (excluding high income),2019,1073148706789.91,3248640014760.21
7E,ECA,Europe & Central Asia (excluding high income),2020,880273262141.809,2982626888407.66
7E,ECA,Europe & Central Asia (excluding high income),2021,1227812460510.37,3517372658753.68
Z7,ECS,Europe & Central Asia,2017,9499822779974,21653936352095.6
Z7,ECS,Europe & Central Asia,2018,10485725936077.8,23193558169075.9
Z7,ECS,Europe & Central Asia,2019,10319375123779.4,22909981097693.6
Z7,ECS,Europe & Central Asia,2020,9403405176646.73,22139980728586.8
Z7,ECS,Europe & Central Asia,2021,11531874352369.6,25082834224986.1
EC,ECU,Ecuador,2017,22528191589.2703,104295862000
EC,ECU,Ecuador,2018,25406130244.7992,107562008000
EC,ECU,Ecuador,2019,26119936568.7789,108108009000
EC,ECU,Ecuador,2020,22400619064.0295,99291124000
EC,ECU,Ecuador,2021,29325044424.9805,106165866000
EG,EGY,"Egypt, Arab Rep.",2017,42874700000,235733695652.174
EG,EGY,"Egypt, Arab Rep.",2018,51619507000,249712999437.254
EG,EGY,"Egypt, Arab Rep.",2019,53522607000,303080865603.645
EG,EGY,"Egypt, Arab Rep.",2020,40101707000,365252651278.852
EG,EGY,"Egypt, Arab Rep.",2021,58339295000,404142766093.053
XC,EMU,Euro area,2017,6019236385406.56,12679719281959.4
XC,EMU,Euro area,2018,6603399200317.26,13698192868965.1
XC,EMU,Euro area,2019,6475115696602.67,13418170804151.7
XC,EMU,Euro area,2020,5947884036767.27,13085484520637.5
XC,EMU,Euro area,2021,7212326244101.1,14563282816938.9
ER,ERI,Eritrea,2017,NA,NA
ER,ERI,Eritrea,2018,NA,NA
ER,ERI,Eritrea,2019,NA,NA
ER,ERI,Eritrea,2020,NA,NA
ER,ERI,Eritrea,2021,NA,NA
ES,ESP,Spain,2017,461906827976.141,1313245330197.65
ES,ESP,Spain,2018,499366966650.98,1421702715218.04
ES,ESP,Spain,2019,486632817457.57,1394320055129.41
ES,ESP,Spain,2020,393773697758.287,1276962685648.25
ES,ESP,Spain,2021,497867782397.908,1427380681294.55
EE,EST,Estonia,2017,20442093048.5314,26924385103.0659
EE,EST,Estonia,2018,22744792026.1423,30624720196.229
EE,EST,Estonia,2019,22961770089.6126,31081901909.2156
EE,EST,Estonia,2020,21769319392.2543,31370395572.7658
EE,EST,Estonia,2021,29055782938.441,37191166151.98
ET,ETH,Ethiopia,2017,6637865076.96921,81770791970.982
ET,ETH,Ethiopia,2018,7624331353.22779,84269348327.3454
ET,ETH,Ethiopia,2019,7588186488.29751,95912590628.1412
ET,ETH,Ethiopia,2020,7714600977.48863,107657734392.446
ET,ETH,Ethiopia,2021,9495825861.88533,111271112329.975
EU,EUU,European Union,2017,7179628552261.36,14764916098923.1
EU,EUU,European Union,2018,7885306808761.39,15980834651544.8
EU,EUU,European Union,2019,7765089495718.53,15693403575262.4
EU,EUU,European Union,2020,7175390244270.19,15369441264656.7
EU,EUU,European Union,2021,8704707612650,17177419592825
F1,FCS,Fragile and conflict affected situations,2017,340089506963.378,1654052033474.32
F1,FCS,Fragile and conflict affected situations,2018,424530856486.467,1739933265067.11
F1,FCS,Fragile and conflict affected situations,2019,430716358264.124,1804386435814.39
F1,FCS,Fragile and conflict affected situations,2020,295392254213.809,1680894123972.54
F1,FCS,Fragile and conflict affected situations,2021,413731583434.452,1799023437650.12
FI,FIN,Finland,2017,96077881357.6848,255647979916.471
FI,FIN,Finland,2018,106009791145.403,275708001767.843
FI,FIN,Finland,2019,107084100351.568,268514916972.549
FI,FIN,Finland,2020,97788614912.9694,271891788362.647
FI,FIN,Finland,2021,116904673534.56,297301883523.251
FJ,FJI,Fiji,2017,2467109096.87093,5353404418.66413
FJ,FJI,Fiji,2018,2660357995.29016,5581371847.61641
FJ,FJI,Fiji,2019,2636399008.32582,5481675173.38011
FJ,FJI,Fiji,2020,1230186406.38704,4477040340.45226
FJ,FJI,Fiji,2021,1171243379.0292,4296304590.01135
FR,FRA,France,2017,834697886110.815,2595151045197.65
FR,FRA,France,2018,915679182185.611,2790956878746.66
FR,FRA,France,2019,892015833703.583,2728870246705.88
FR,FRA,France,2020,751384055458.809,2639008701648.26
FR,FRA,France,2021,920863927475.152,2957879759263.52
FO,FRO,Faroe Islands,2017,NA,2980054218.60092
FO,FRO,Faroe Islands,2018,NA,3188610521.64824
FO,FRO,Faroe Islands,2019,NA,3275706960.14634
FO,FRO,Faroe Islands,2020,NA,3248696901.60652
FO,FRO,Faroe Islands,2021,NA,3649886275.07118
FM,FSM,"Micronesia, Fed. Sts.",2017,NA,366666800
FM,FSM,"Micronesia, Fed. Sts.",2018,NA,401932300
FM,FSM,"Micronesia, Fed. Sts.",2019,NA,412000000
FM,FSM,"Micronesia, Fed. Sts.",2020,NA,408000000
FM,FSM,"Micronesia, Fed. Sts.",2021,NA,404028900
GA,GAB,Gabon,2017,NA,14929488770.7315
GA,GAB,Gabon,2018,NA,16867326389.8704
GA,GAB,Gabon,2019,NA,16874405460.1955
GA,GAB,Gabon,2020,NA,15314577167.8211
GA,GAB,Gabon,2021,NA,20216843173.9702
GB,GBR,United Kingdom,2017,824360223649.562,2683399006715.79
GB,GBR,United Kingdom,2018,899005981882.619,2878152147315.82
GB,GBR,United Kingdom,2019,893141892842.457,2857057847953.02
GB,GBR,United Kingdom,2020,791733492696.873,2704609160088.15
GB,GBR,United Kingdom,2021,874485940890.022,3131377762925.95
GE,GEO,Georgia,2017,7560033324.67,16242916915.7203
GE,GEO,Georgia,2018,8896617467.44,17596922469.9152
GE,GEO,Georgia,2019,9546068065.73,17470436258.5131
GE,GEO,Georgia,2020,5926626714.82,15842922532.7202
GE,GEO,Georgia,2021,8086176189.39,18629365597.0017
GH,GHA,Ghana,2017,20436840000,60406382898.5174
GH,GHA,Ghana,2018,22514756474.4684,67299280679.563
GH,GHA,Ghana,2019,25592338542.4601,68337537815.7703
GH,GHA,Ghana,2020,22077073356.3517,70043199813.6885
GH,GHA,Ghana,2021,23901162679.5005,77594279054.8795
GI,GIB,Gibraltar,2017,NA,NA
GI,GIB,Gibraltar,2018,NA,NA
GI,GIB,Gibraltar,2019,NA,NA
GI,GIB,Gibraltar,2020,NA,NA
GI,GIB,Gibraltar,2021,NA,NA
GN,GIN,Guinea,2017,4647370000,10324668266.5921
GN,GIN,Guinea,2018,4079080000,11857030336.5252
GN,GIN,Guinea,2019,4040730000,13442861443.7506
GN,GIN,Guinea,2020,8996040000,14177835816.2777
GN,GIN,Guinea,2021,10265900000,16091817842.2342
GM,GMB,"Gambia, The",2017,278129675.354117,1504909753.28746
GM,GMB,"Gambia, The",2018,362513207.160957,1670670668.5939
GM,GMB,"Gambia, The",2019,360207997.779821,1813608279.65044
GM,GMB,"Gambia, The",2020,175681761.020801,1812169483.72578
GM,GMB,"Gambia, The",2021,135448117.057385,2038417462.37695
GW,GNB,Guinea-Bissau,2017,375025865.374964,1350177127.5523
GW,GNB,Guinea-Bissau,2018,380427720.449167,1504630120.99275
GW,GNB,Guinea-Bissau,2019,291804892.131917,1439638443.38133
GW,GNB,Guinea-Bissau,2020,232536091.828228,1431758242.90375
GW,GNB,Guinea-Bissau,2021,NA,1638517533.16504
GQ,GNQ,Equatorial Guinea,2017,NA,12200912828.3695
GQ,GNQ,Equatorial Guinea,2018,NA,13097011143.2874
GQ,GNQ,Equatorial Guinea,2019,NA,11364133801.8914
GQ,GNQ,Equatorial Guinea,2020,NA,10099158074.7273
GQ,GNQ,Equatorial Guinea,2021,NA,12269392839.7472
GR,GRC,Greece,2017,70104581289.0659,199844406013.531
GR,GRC,Greece,2018,81867719580.7369,212049447242.111
GR,GRC,Greece,2019,81184115053.0156,205257014892.502
GR,GRC,Greece,2020,59021509142.4284,188925995936.807
GR,GRC,Greece,2021,87521073392.1099,214873879833.648
GD,GRD,Grenada,2017,578131572.244678,1125681481.48148
GD,GRD,Grenada,2018,621273651.047504,1166511111.11111
GD,GRD,Grenada,2019,661722830.957796,1213485185.18519
GD,GRD,Grenada,2020,421842996.106841,1043414814.81481
GD,GRD,Grenada,2021,393766414.171052,1122807407.40741
GL,GRL,Greenland,2017,NA,2851610655.92391
GL,GRL,Greenland,2018,NA,3055791340.7025
GL,GRL,Greenland,2019,NA,2994332323.74726
GL,GRL,Greenland,2020,NA,3076015346.7541
GL,GRL,Greenland,2021,NA,NA
GT,GTM,Guatemala,2017,13250682480,71654134378.5299
GT,GTM,Guatemala,2018,13351063340,73328024537.1848
GT,GTM,Guatemala,2019,13597600430,77170421167.5134
GT,GTM,Guatemala,2020,12712975170,77625486978.2561
GT,GTM,Guatemala,2021,15317903270,85985752107.4679
GU,GUM,Guam,2017,NA,6013000000
GU,GUM,Guam,2018,NA,6056000000
GU,GUM,Guam,2019,NA,6366000000
GU,GUM,Guam,2020,NA,5886000000
GU,GUM,Guam,2021,NA,6123000000
GY,GUY,Guyana,2017,1643614998.15756,4748174334.14044
GY,GUY,Guyana,2018,1575263927.05969,4787636237.24043
GY,GUY,Guyana,2019,1804674882.76336,5173760191.84652
GY,GUY,Guyana,2020,2798631587.96183,5471256594.72422
GY,GUY,Guyana,2021,4640466810.35169,8044498800.95923
HK,HKG,"Hong Kong SAR, China",2017,644556259051.515,341273289534.466
HK,HKG,"Hong Kong SAR, China",2018,681280769230.511,361731070995.726
HK,HKG,"Hong Kong SAR, China",2019,645007433654.096,363052489184.395
HK,HKG,"Hong Kong SAR, China",2020,608158876351.962,344932192028.051
HK,HKG,"Hong Kong SAR, China",2021,751259707593.012,369176400967.427
HN,HND,Honduras,2017,7325056706.44474,23136232229.6069
HN,HND,Honduras,2018,7186375108.69923,24067778953.842
HN,HND,Honduras,2019,7242995209.90442,25089976946.7736
HN,HND,Honduras,2020,6268517029.72647,23827840809.7014
HN,HND,Honduras,2021,7941294159.6979,28488668301.6401
XE,HPC,Heavily indebted poor countries (HIPC),2017,163474016850.012,808419426852.722
XE,HPC,Heavily indebted poor countries (HIPC),2018,178801311268.2,770673129573.497
XE,HPC,Heavily indebted poor countries (HIPC),2019,182454628414.495,797571800632.385
XE,HPC,Heavily indebted poor countries (HIPC),2020,169171021523.427,803236484236.191
XE,HPC,Heavily indebted poor countries (HIPC),2021,216639479409.497,891901460388.385
HR,HRV,Croatia,2017,27991285253.3874,56323836169.7177
HR,HRV,Croatia,2018,30678195847.7954,62316840749.9705
HR,HRV,Croatia,2019,31503781686.7135,62327983579.5899
HR,HRV,Croatia,2020,24007120376.1295,57472012426.6853
HR,HRV,Croatia,2021,35307575918.8542,68955083280.1922
HT,HTI,Haiti,2017,1663184136.54072,15035560372.6443
HT,HTI,Haiti,2018,1783207736.85592,16455034352.7671
HT,HTI,Haiti,2019,1732740513.9371,14785839382.9002
HT,HTI,Haiti,2020,1013787179.94995,14508218017.4032
HT,HTI,Haiti,2021,1241186115.29631,20944392615.0803
HU,HUN,Hungary,2017,123244226562.878,143112196040.326
HU,HUN,Hungary,2018,134559699755.26,160564628963.713
HU,HUN,Hungary,2019,133736168610.971,163988594921.902
HU,HUN,Hungary,2020,124110863302.017,157182045260.23
HU,HUN,Hungary,2021,148228559123.935,181848022233.89
XF,IBD,IBRD only,2017,6951133222703.97,28770093733644.2
XF,IBD,IBRD only,2018,7714867193144.89,30603243270660.4
XF,IBD,IBRD only,2019,7668025944224.05,31250632838977.7
XF,IBD,IBRD only,2020,7081729390837.67,30068953560995.4
XF,IBD,IBRD only,2021,9190999231906.54,35511412304437.1
ZT,IBT,IDA & IBRD total,2017,7327064611094.7,30973031188705.6
ZT,IBT,IDA & IBRD total,2018,8139523764315.86,32891739875317.8
ZT,IBT,IDA & IBRD total,2019,8110741196900.64,33600177295748.1
ZT,IBT,IDA & IBRD total,2020,7454424127782.48,32404400348760.8
ZT,IBT,IDA & IBRD total,2021,9665411698658.83,38062847856443.9
XG,IDA,IDA total,2017,376068388785.61,2202010027410.68
XG,IDA,IDA total,2018,424914638806.742,2287680071731.45
XG,IDA,IDA total,2019,444082038955.571,2348783962878.72
XG,IDA,IDA total,2020,371090192999.629,2335046416001.58
XG,IDA,IDA total,2021,469902108773.496,2549112031362.93
XH,IDB,IDA blend,2017,135605672801.981,959799829570.177
XH,IDB,IDA blend,2018,157912321819.005,1048387429588.39
XH,IDB,IDA blend,2019,166065383805.455,1042643234199.04
XH,IDB,IDA blend,2020,117484553790.764,1002074719263.99
XH,IDB,IDA blend,2021,149128904081.144,1096478315864.49
ID,IDN,Indonesia,2017,194210168760.017,1015618742565.81
ID,IDN,Indonesia,2018,211931832768.586,1042271531011.99
ID,IDN,Indonesia,2019,200096685143.767,1119099868265.25
ID,IDN,Indonesia,2020,178417791402.013,1058688935454.78
ID,IDN,Indonesia,2021,246870491789.743,1186092991320.04
XI,IDX,IDA only,2017,241395705283.462,1244052833501.53
XI,IDX,IDA only,2018,268074414374.864,1240501586432.47
XI,IDX,IDA only,2019,279191741551.327,1308461393704.39
XI,IDX,IDA only,2020,256092052246.806,1336381367316.97
XI,IDX,IDA only,2021,323851527315.173,1456252171238.16
IM,IMN,Isle of Man,2017,NA,6979581724.58172
IM,IMN,Isle of Man,2018,NA,7491969312.87525
IM,IMN,Isle of Man,2019,NA,7315388052.08067
IM,IMN,Isle of Man,2020,NA,NA
IM,IMN,Isle of Man,2021,NA,NA
IN,IND,India,2017,489400913160.193,2651472946375.05
IN,IND,India,2018,537042432147.227,2702929718960.46
IN,IND,India,2019,546033120468,2831552222519.99
IN,IND,India,2020,484690629550.363,2667687951796.5
IN,IND,India,2021,643079815639.228,3176295065497.24
IE,IRL,Ireland,2017,407192968333.444,336377500160.546
IE,IRL,Ireland,2018,471596208326.154,385736680797.118
IE,IRL,Ireland,2019,502312991471.071,399321701632.431
IE,IRL,Ireland,2020,569060864881.034,425852281928.121
IE,IRL,Ireland,2021,677027667852.381,504182603275.542
IR,IRN,"Iran, Islamic Rep.",2017,NA,486630146443.617
IR,IRN,"Iran, Islamic Rep.",2018,NA,331682036227.963
IR,IRN,"Iran, Islamic Rep.",2019,NA,283746685180.338
IR,IRN,"Iran, Islamic Rep.",2020,NA,239735571102.495
IR,IRN,"Iran, Islamic Rep.",2021,NA,359713152725.063
IQ,IRQ,Iraq,2017,63604256000,187217660050.676
IQ,IRQ,Iraq,2018,91930700000,227367469034.031
IQ,IRQ,Iraq,2019,88902900000,233636097800.338
IQ,IRQ,Iraq,2020,50631700000,184369797315.436
IQ,IRQ,Iraq,2021,78260500000,207889333724.138
IS,ISL,Iceland,2017,11349579742.1188,24728285177.4603
IS,ISL,Iceland,2018,12262002726.8115,26264127686.6137
IS,ISL,Iceland,2019,11005290973.0528,24826102119.6357
IS,ISL,Iceland,2020,7500838458.72568,21694674809.9321
IS,ISL,Iceland,2021,9775284994.34745,25602419210.3374
IL,ISR,Israel,2017,104699300000,358245427458.541
IL,ISR,Israel,2018,112245500000,376691526553.276
IL,ISR,Israel,2019,117779300000,402470513619.148
IL,ISR,Israel,2020,114421600000,413267669231.522
IL,ISR,Israel,2021,143883600000,488526545878.891
IT,ITA,Italy,2017,603887233324.485,1961796197354.36
IT,ITA,Italy,2018,656056674072.766,2091932426266.98
IT,ITA,Italy,2019,636152769354.213,2011302198827.45
IT,ITA,Italy,2020,559952124627.845,1896755301518.14
IT,ITA,Italy,2021,687948151646.321,2107702842669.73
JM,JAM,Jamaica,2017,4869719762.85928,14808989993.3185
JM,JAM,Jamaica,2018,5790176417.86102,15730793852.7913
JM,JAM,Jamaica,2019,5990783024.93943,15830768549.8916
JM,JAM,Jamaica,2020,3342945360.91554,13812425036.5864
JM,JAM,Jamaica,2021,4385146879.40587,14657586937.0735
JO,JOR,Jordan,2017,14300140845.0704,41608435921.7904
JO,JOR,Jordan,2018,15092676056.338,43370860549.1337
JO,JOR,Jordan,2019,16170140845.0704,44993992365.1297
JO,JOR,Jordan,2020,10444366197.1831,44182298291.8206
JO,JOR,Jordan,2021,13864084507.0423,45744271658.9141
JP,JPN,Japan,2017,875513551319.492,4930837369151.42
JP,JPN,Japan,2018,929827552588.353,5037835383110.97
JP,JPN,Japan,2019,904632403731.961,5123318151510.62
JP,JPN,Japan,2020,794291076749.503,5040107754084.11
JP,JPN,Japan,2021,919158028080.979,4940877780755.33
KZ,KAZ,Kazakhstan,2017,53805890744.102,166805800595.704
KZ,KAZ,Kazakhstan,2018,67146190250.1165,179339994859.384
KZ,KAZ,Kazakhstan,2019,65918989739.3778,181667190075.541
KZ,KAZ,Kazakhstan,2020,52355297736.0254,171082379532.988
KZ,KAZ,Kazakhstan,2021,66131976728.2551,197112255360.612
KE,KEN,Kenya,2017,10448709925.8978,82035800868.187
KE,KEN,Kenya,2018,11564054354.0726,92202956320.532
KE,KEN,Kenya,2019,11471244797.1384,100379713697.421
KE,KEN,Kenya,2020,9709330228.70914,100666542665.72
KE,KEN,Kenya,2021,11825108492.0232,110347079517.356
KG,KGZ,Kyrgyz Republic,2017,2573040009.9715,7702934800.12836
KG,KGZ,Kyrgyz Republic,2018,2734422358.21524,8271108638.39931
KG,KGZ,Kyrgyz Republic,2019,3107699962.28396,8871026074.19762
KG,KGZ,Kyrgyz Republic,2020,2435417783.38534,7780874536.66054
KG,KGZ,Kyrgyz Republic,2021,3350487773.83851,8543423502.6134
KH,KHM,Cambodia,2017,15831866523.1595,22177200511.5811
KH,KHM,Cambodia,2018,18413935867.9151,24571753583.4922
KH,KHM,Cambodia,2019,21072422248.3003,27089389786.979
KH,KHM,Cambodia,2020,20289665277.5127,25872798012.1938
KH,KHM,Cambodia,2021,20126309192.041,26961061119.7957
KI,KIR,Kiribati,2017,29442474.7038962,188192060.085837
KI,KIR,Kiribati,2018,19150922.8250374,196230573.819486
KI,KIR,Kiribati,2019,32515795.4637451,177935349.322211
KI,KIR,Kiribati,2020,21227822.9717466,180911843.644622
KI,KIR,Kiribati,2021,10754324.6817405,207031250
KN,KNA,St. Kitts and Nevis,2017,505234862.917711,1058937037.03704
KN,KNA,St. Kitts and Nevis,2018,597863201.088418,1076911111.11111
KN,KNA,St. Kitts and Nevis,2019,598343192.04783,1107840740.74074
KN,KNA,St. Kitts and Nevis,2020,383152258.929181,884525925.925926
KN,KNA,St. Kitts and Nevis,2021,408470696.304681,860840740.740741
KR,KOR,"Korea, Rep.",2017,670011500000,1623901496835.79
KR,KOR,"Korea, Rep.",2018,729944000000,1724845615629.26
KR,KOR,"Korea, Rep.",2019,660506800000,1651422932447.77
KR,KOR,"Korea, Rep.",2020,607505000000,1644312831906.17
KR,KOR,"Korea, Rep.",2021,771202000000,1810955871380.98
KW,KWT,Kuwait,2017,60454022413.6485,120707435542.367
KW,KWT,Kuwait,2018,85198897798.8613,138182400493.585
KW,KWT,Kuwait,2019,72833469298.7083,136196760180.976
KW,KWT,Kuwait,2020,47416410506.0209,105960225688.145
KW,KWT,Kuwait,2021,77121256917.512,NA
XJ,LAC,Latin America & Caribbean (excluding high income),2017,1000783244503.35,4985624572818.12
XJ,LAC,Latin America & Caribbean (excluding high income),2018,1085955810742.54,4841460278719.31
XJ,LAC,Latin America & Caribbean (excluding high income),2019,1086143376409.51,4773979941240.86
XJ,LAC,Latin America & Caribbean (excluding high income),2020,944474823420.281,3997651287256.03
XJ,LAC,Latin America & Caribbean (excluding high income),2021,1201484345997.95,4585103994306.3
LA,LAO,Lao PDR,2017,5653716801.31958,17071162084.4067
LA,LAO,Lao PDR,2018,6393172198.46109,18141651381.3884
LA,LAO,Lao PDR,2019,6985183366.76912,18740559554.1632
LA,LAO,Lao PDR,2020,6461129001.1477,18981800705.0794
LA,LAO,Lao PDR,2021,7819856364.96792,18827148509.5798
LB,LBN,Lebanon,2017,18939938603.26,53027680685.8375
LB,LBN,Lebanon,2018,19160811512.833,54901519155.6219
LB,LBN,Lebanon,2019,18208410173.9912,51953744530.2445
LB,LBN,Lebanon,2020,8773230595.59161,31712128253.7961
LB,LBN,Lebanon,2021,10146913338.8535,23131940280.7316
LR,LBR,Liberia,2017,429591652.893253,3390703400
LR,LBR,Liberia,2018,527345230.827327,3422754800
LR,LBR,Liberia,2019,554013270.790542,3319596500
LR,LBR,Liberia,2020,NA,3039982500
LR,LBR,Liberia,2021,NA,3509000000
LY,LBY,Libya,2017,18971600000,67158415841.5842
LY,LBY,Libya,2018,29964100000,76684175824.1758
LY,LBY,Libya,2019,29325900000,69252306372.0232
LY,LBY,Libya,2020,9537100000,50357312594.5129
LY,LBY,Libya,2021,NA,42817472975.3677
LC,LCA,St. Lucia,2017,1036211423.13823,1996710562.6389
LC,LCA,St. Lucia,2018,1114054070.67002,2057067919.33041
LC,LCA,St. Lucia,2019,1208978882.77212,2094201725.17451
LC,LCA,St. Lucia,2020,445965270.35523,1516015718.73491
LC,LCA,St. Lucia,2021,890724485.385241,1691275156.6002
ZJ,LCN,Latin America & Caribbean,2017,1273348594558.31,5831863599134.98
ZJ,LCN,Latin America & Caribbean,2018,1379212590785.73,5702982500305.36
ZJ,LCN,Latin America & Caribbean,2019,1370748672936.5,5618711473342.91
ZJ,LCN,Latin America & Caribbean,2020,1191446105614.97,4742371960398.12
ZJ,LCN,Latin America & Caribbean,2021,1523554477743.52,5454428996198.05
XL,LDC,Least developed countries: UN classification,2017,216488384514.357,1114130222166.5
XL,LDC,Least developed countries: UN classification,2018,246097506891.051,1098537349148.7
XL,LDC,Least developed countries: UN classification,2019,245454705657.87,1153041256783.79
XL,LDC,Least developed countries: UN classification,2020,215128785163.706,1176576556341.42
XL,LDC,Least developed countries: UN classification,2021,284471819069.394,1280907562189.61
LI,LIE,Liechtenstein,2017,NA,6474256118.61481
LI,LIE,Liechtenstein,2018,NA,6692504346.04765
LI,LIE,Liechtenstein,2019,NA,6427248943.44939
LI,LIE,Liechtenstein,2020,NA,6113951011.71459
LI,LIE,Liechtenstein,2021,NA,NA
LK,LKA,Sri Lanka,2017,19084181007.2571,94376246466.9549
LK,LKA,Sri Lanka,2018,20263792551.2938,94493847351.6433
LK,LKA,Sri Lanka,2019,19414322724.1375,89014990791.9051
LK,LKA,Sri Lanka,2020,13082799672.527,85349112170.9594
LK,LKA,Sri Lanka,2021,NA,88927263724.8592
XO,LMY,Low & middle income,2017,6766245537876.56,29590946858707.3
XO,LMY,Low & middle income,2018,7514219074790.97,31369907274849.6
XO,LMY,Low & middle income,2019,7487011819218.44,32079765914807.5
XO,LMY,Low & middle income,2020,6856225952292.1,30948393969161.3
XO,LMY,Low & middle income,2021,8913003635376.66,36370594658882.7
LS,LSO,Lesotho,2017,1061714987.22255,2306741845.41948
LS,LSO,Lesotho,2018,1253535692.52089,2553495915.79202
LS,LSO,Lesotho,2019,1092702862.31118,2453980835.24819
LS,LSO,Lesotho,2020,902123159.129209,2231214507.47611
LS,LSO,Lesotho,2021,1080159218.09718,2496134680.31694
V3,LTE,Late-demographic dividend,2017,5875307458832.72,20629308235563.7
V3,LTE,Late-demographic dividend,2018,6588572496230.84,22620813548078.7
V3,LTE,Late-demographic dividend,2019,6530196121193.24,23047002747227.5
V3,LTE,Late-demographic dividend,2020,6322150847072.5,22493447284783
V3,LTE,Late-demographic dividend,2021,8099898984634.59,26622141277937
LT,LTU,Lithuania,2017,35225956372.4963,47758736931.7801
LT,LTU,Lithuania,2018,40361411833.0654,53751411409.4447
LT,LTU,Lithuania,2019,42323027306.9473,54751510087.7803
LT,LTU,Lithuania,2020,41720683937.5686,56846622904.4391
LT,LTU,Lithuania,2021,53397199026.0131,66445256585.3671
LU,LUX,Luxembourg,2017,127863699586.887,65712180342.9836
LU,LUX,Luxembourg,2018,137656269526.08,71000359760.4611
LU,LUX,Luxembourg,2019,139558791313.034,69825641851.0117
LU,LUX,Luxembourg,2020,145417161620.534,73992591285.3029
LU,LUX,Luxembourg,2021,177830795593.579,85506243833.7816
LV,LVA,Latvia,2017,18816900298.8443,30483806017.8318
LV,LVA,Latvia,2018,21136795326.1355,34429023435.0211
LV,LVA,Latvia,2019,20538635026.6502,34343961072.8235
LV,LVA,Latvia,2020,20767851620.9827,34601740323.3386
LV,LVA,Latvia,2021,25248159977.0563,39853501579.8211
MO,MAC,"Macao SAR, China",2017,40576244966.0535,50440941938.6992
MO,MAC,"Macao SAR, China",2018,45626057701.3253,55284360483.1217
MO,MAC,"Macao SAR, China",2019,45556643415.4693,55204758069.5124
MO,MAC,"Macao SAR, China",2020,15806542794.1167,25459563655.4806
MO,MAC,"Macao SAR, China",2021,26625476401.8368,30123914808.5691
MF,MAF,St. Martin (French part),2017,NA,NA
MF,MAF,St. Martin (French part),2018,NA,NA
MF,MAF,St. Martin (French part),2019,NA,NA
MF,MAF,St. Martin (French part),2020,NA,NA
MF,MAF,St. Martin (French part),2021,NA,NA
MA,MAR,Morocco,2017,38836212339.6926,118540548906.314
MA,MAR,Morocco,2018,43253418108.9929,127341174715.803
MA,MAR,Morocco,2019,44047981175.8211,128919944681.869
MA,MAR,Morocco,2020,37545355746.7581,121348138320.276
MA,MAR,Morocco,2021,47077639212.5768,142866329198.42
MC,MCO,Monaco,2017,NA,6431314957.07185
MC,MCO,Monaco,2018,NA,7194024563.06094
MC,MCO,Monaco,2019,NA,7383745662.15157
MC,MCO,Monaco,2020,NA,6739691604.79726
MC,MCO,Monaco,2021,NA,8596096984.03312
MD,MDA,Moldova,2017,3119410000,9669741744.22001
MD,MDA,Moldova,2018,3452490000,11457443185.0542
MD,MDA,Moldova,2019,3661990000,11971345002.7757
MD,MDA,Moldova,2020,3222090000,11859730543.5525
MD,MDA,Moldova,2021,4196940000,13679221333.2052
MG,MDG,Madagascar,2017,4147070750.80988,13176313593.5509
MG,MDG,Madagascar,2018,4407496132.23529,13760033096.5211
MG,MDG,Madagascar,2019,4081577089.50728,14104664514.8681
MG,MDG,Madagascar,2020,2589228841.57843,13051441059.3338
MG,MDG,Madagascar,2021,3340571834.06928,14472603322.5571
MV,MDV,Maldives,2017,3319072397.3111,4754175869.24027
MV,MDV,Maldives,2018,3584303216.62412,5300962659.51088
MV,MDV,Maldives,2019,3742126035.63197,5609400721.62268
MV,MDV,Maldives,2020,1786506566.61724,3746321936.37729
MV,MDV,Maldives,2021,3950478004.76303,5405576235.79462
ZQ,MEA,Middle East & North Africa,2017,NA,3313254839527.14
ZQ,MEA,Middle East & North Africa,2018,NA,3477248660639.78
ZQ,MEA,Middle East & North Africa,2019,NA,3472047486173.32
ZQ,MEA,Middle East & North Africa,2020,NA,3115703083275.4
ZQ,MEA,Middle East & North Africa,2021,NA,3679844251878.64
MX,MEX,Mexico,2017,437401453608,1158913035796.37
MX,MEX,Mexico,2018,480110242273,1222408203104.3
MX,MEX,Mexico,2019,492656716018,1269011767478.56
MX,MEX,Mexico,2020,434365924940,1090515389749.41
MX,MEX,Mexico,2021,522235283884,1272839334119.3
MH,MHL,Marshall Islands,2017,96826734.1218955,212701200
MH,MHL,Marshall Islands,2018,128903650.689713,219330300
MH,MHL,Marshall Islands,2019,54987043.2088524,232092300
MH,MHL,Marshall Islands,2020,76733770.7098198,241722400
MH,MHL,Marshall Islands,2021,NA,259538700
XP,MIC,Middle income,2017,6682020491058.71,29057051626350.4
XP,MIC,Middle income,2018,7418451017274.03,30904257823566.6
XP,MIC,Middle income,2019,7393471134794.69,31590337549585.4
XP,MIC,Middle income,2020,6763821365387.15,30468597959817.3
XP,MIC,Middle income,2021,8789940047751.87,35845142448794.2
MK,MKD,North Macedonia,2017,6241402766.12727,11307058382.3435
MK,MKD,North Macedonia,2018,7613866176.53328,12683070061.4695
MK,MKD,North Macedonia,2019,7800355898.2255,12606338448.547
MK,MKD,North Macedonia,2020,7190189049.81747,12363580534.6811
MK,MKD,North Macedonia,2021,9156993735.48167,13825049831.7959
ML,MLI,Mali,2017,3413353812.56962,15365711725.0672
ML,MLI,Mali,2018,4186231408.7039,17070866299.0945
ML,MLI,Mali,2019,4441960880.49775,17280251193.9527
ML,MLI,Mali,2020,5195546532.68699,17465392915.9153
ML,MLI,Mali,2021,NA,19140461605.8227
MT,MLT,Malta,2017,19184068405.8442,13489380930.8631
MT,MLT,Malta,2018,20326025567.5508,15298771846.9532
MT,MLT,Malta,2019,20772910204.1754,15725847979.4022
MT,MLT,Malta,2020,19526098963.3624,14933066818.9606
MT,MLT,Malta,2021,22110181511.6017,17364044943.8202
MM,MMR,Myanmar,2017,13628671745.2011,61449392056.1488
MM,MMR,Myanmar,2018,15727812061.8076,67144725830.5753
MM,MMR,Myanmar,2019,17523382157.3227,68697759361.231
MM,MMR,Myanmar,2020,NA,78930257227.0908
MM,MMR,Myanmar,2021,NA,65091751273.2879
XQ,MNA,Middle East & North Africa (excluding high income),2017,366322829598.214,1464280101336.06
XQ,MNA,Middle East & North Africa (excluding high income),2018,454578683691.627,1390805044174.12
XQ,MNA,Middle East & North Africa (excluding high income),2019,445719664171.267,1393571952376.11
XQ,MNA,Middle East & North Africa (excluding high income),2020,288051043669.618,1274090477533.63
XQ,MNA,Middle East & North Africa (excluding high income),2021,411052242634.297,1493751699435.47
ME,MNE,Montenegro,2017,2025338318.60662,4856632399.45775
ME,MNE,Montenegro,2018,2346469793.20084,5506766650.92111
ME,MNE,Montenegro,2019,2424163706.15338,5542053845.29274
ME,MNE,Montenegro,2020,1247417064.90095,4769860740.74074
ME,MNE,Montenegro,2021,2501882687.56392,5861268038.7982
MN,MNG,Mongolia,2017,6800649749.07547,11480847745.3187
MN,MNG,Mongolia,2018,7713996346.58459,13178094459.4548
MN,MNG,Mongolia,2019,8415577134.5562,14206359006.8095
MN,MNG,Mongolia,2020,7645582756.2656,13312981594.573
MN,MNG,Mongolia,2021,8950212655.6227,15286441818.1437
MP,MNP,Northern Mariana Islands,2017,NA,1560000000
MP,MNP,Northern Mariana Islands,2018,NA,1302000000
MP,MNP,Northern Mariana Islands,2019,NA,1182000000
MP,MNP,Northern Mariana Islands,2020,NA,NA
MP,MNP,Northern Mariana Islands,2021,NA,NA
MZ,MOZ,Mozambique,2017,5382812418.55105,13219084261.3664
MZ,MOZ,Mozambique,2018,5976358838.49151,14845402473.5521
MZ,MOZ,Mozambique,2019,5599959669.86369,15390039241.674
MZ,MOZ,Mozambique,2020,4369833653.73625,14028811071.7628
MZ,MOZ,Mozambique,2021,6404422997.89599,15776758632.8573
MR,MRT,Mauritania,2017,1889585455.27552,6800141921.64137
MR,MRT,Mauritania,2018,2061792405.77192,7473550557.07378
MR,MRT,Mauritania,2019,2524730455.7324,8066126312.31807
MR,MRT,Mauritania,2020,2783958568.33055,8405491201.74674
MR,MRT,Mauritania,2021,3180497024.90772,9996249658.23982
MU,MUS,Mauritius,2017,5391592172.41552,13713509312.2669
MU,MUS,Mauritius,2018,5585546049.10134,14735695930.9727
MU,MUS,Mauritius,2019,5258181403.12888,14436353897.9802
MU,MUS,Mauritius,2020,3088435443.91214,11401050654.5624
MU,MUS,Mauritius,2021,3197594975.51778,11529042672.3528
MW,MWI,Malawi,2017,1110954236.57409,8943543677.18899
MW,MWI,Malawi,2018,1174262786.23322,9880675785.93057
MW,MWI,Malawi,2019,1446681182.82193,11025371147.1876
MW,MWI,Malawi,2020,1268238157.35487,12182348212.7073
MW,MWI,Malawi,2021,1538461987.01303,12626717491.8941
MY,MYS,Malaysia,2017,223701888947.356,319112175611.571
MY,MYS,Malaysia,2018,245885974787.62,358791603677.728
MY,MYS,Malaysia,2019,238361133830.799,365175135787.568
MY,MYS,Malaysia,2020,208216918909.246,337337932675.152
MY,MYS,Malaysia,2021,256658873074.937,372980957208.023
XU,NAC,North America,2017,2914736403294.62,21133744509244.1
XU,NAC,North America,2018,3101700704425.13,22265612481783
XU,NAC,North America,2019,3109515302190.72,23130414629482.3
XU,NAC,North America,2020,2643904576176.8,22712784167568.4
XU,NAC,North America,2021,3168906902298.45,25310703498717.4
NA,NAM,Namibia,2017,4483391698.14191,12895153157.3463
NA,NAM,Namibia,2018,4951877763.01286,13682062250.8152
NA,NAM,Namibia,2019,4581203428.51503,12541928104.6242
NA,NAM,Namibia,2020,3565252731.22184,10581585630.0773
NA,NAM,Namibia,2021,3954562454.48252,12310595843.9353
NC,NCL,New Caledonia,2017,NA,9173668102.13844
NC,NCL,New Caledonia,2018,NA,9846922416.14776
NC,NCL,New Caledonia,2019,NA,9438130987.37298
NC,NCL,New Caledonia,2020,NA,9435529927.2471
NC,NCL,New Caledonia,2021,NA,10071351960.0477
NE,NER,Niger,2017,1432532766.71701,11185102399.5762
NE,NER,Niger,2018,1449983104.26273,12808660528.0617
NE,NER,Niger,2019,1386654750.84676,12916455161.1081
NE,NER,Niger,2020,1338006699.19756,13744174689.9681
NE,NER,Niger,2021,NA,14915001426.9724
NG,NGA,Nigeria,2017,50847986748.8943,375745732274.676
NG,NGA,Nigeria,2018,66038798663.3135,421739210176.152
NG,NGA,Nigeria,2019,69926720656.4098,448120015209.524
NG,NGA,Nigeria,2020,39937175154.1293,432198936002.177
NG,NGA,Nigeria,2021,50855778241.824,440833583992.485
NI,NIC,Nicaragua,2017,5737100000,13785909906.1925
NI,NIC,Nicaragua,2018,5561000000,13025239912.2751
NI,NIC,Nicaragua,2019,5714100000,12596636042.2321
NI,NIC,Nicaragua,2020,5341800000,12586970511.4131
NI,NIC,Nicaragua,2021,6617300000,14013022092.0645
NL,NLD,Netherlands,2017,695803174806.615,833869641687.06
NL,NLD,Netherlands,2018,773738819331.777,914043438179.607
NL,NLD,Netherlands,2019,751225041606.295,910194347568.626
NL,NLD,Netherlands,2020,712258604297.875,909793466661.481
NL,NLD,Netherlands,2021,839645874021.718,1012846760976.73
NO,NOR,Norway,2017,144323023102.42,398393955268.99
NO,NOR,Norway,2018,165367017329.81,436999692591.454
NO,NOR,Norway,2019,146280176799.636,404941363636.364
NO,NOR,Norway,2020,116718033112.606,362198318435.26
NO,NOR,Norway,2021,199073645673.382,482174854481.956
NP,NPL,Nepal,2017,2430457012.4652,28971589213.2184
NP,NPL,Nepal,2018,2677604304.74843,33111525871.9538
NP,NPL,Nepal,2019,2726226421.80426,34186190995.9565
NP,NPL,Nepal,2020,1771333672.21103,33433670511.9364
NP,NPL,Nepal,2021,2519574574.26398,36288830373.4106
NR,NRU,Nauru,2017,39883246.367256,109359680.217211
NR,NRU,Nauru,2018,31101106.23634,124021393.690412
NR,NRU,Nauru,2019,NA,118724073.809183
NR,NRU,Nauru,2020,NA,114626625.553023
NR,NRU,Nauru,2021,NA,133218896.932607
NZ,NZL,New Zealand,2017,55808303269.8358,206623758800.159
NZ,NZL,New Zealand,2018,58209006810.3096,211953111035.513
NZ,NZL,New Zealand,2019,57875040492.745,213434571357.984
NZ,NZL,New Zealand,2020,50544339055.9753,211734532308.013
NZ,NZL,New Zealand,2021,54777053915.8401,249885687029.634
OE,OED,OECD members,2017,14146719004958.8,50443932620191.4
OE,OED,OECD members,2018,15366989023512.9,53365828417753.3
OE,OED,OECD members,2019,15157070518146.8,53878590811090.2
OE,OED,OECD members,2020,13655644775386.5,52517052000302.5
OE,OED,OECD members,2021,16536938843541.3,58268353654249.4
OM,OMN,Oman,2017,36849545177.8328,80856697009.1027
OM,OMN,Oman,2018,46321366928.5956,91505851755.5267
OM,OMN,Oman,2019,43583501667.6192,88060858257.4772
OM,OMN,Oman,2020,35719888390.3672,75909397659.2978
OM,OMN,Oman,2021,46324249318.1345,88191977373.212
S4,OSS,Other small states,2017,240634503130.255,398943208976.55
S4,OSS,Other small states,2018,275001080017.38,442887552059.799
S4,OSS,Other small states,2019,261329574410.283,433363259897.155
S4,OSS,Other small states,2020,212876416955.794,378315467558.569
S4,OSS,Other small states,2021,296534361971.77,453948317534.684
PK,PAK,Pakistan,2017,29491440000,339205615769.187
PK,PAK,Pakistan,2018,30774890000,356128224957.085
PK,PAK,Pakistan,2019,30670150000,320909489229.723
PK,PAK,Pakistan,2020,27333070000,300425666773.043
PK,PAK,Pakistan,2021,35565880000,348262544719.178
PA,PAN,Panama,2017,27151252872.92,62202700000
PA,PAN,Panama,2018,28548209145.16,64929400000
PA,PAN,Panama,2019,28622338452.88,66984400000
PA,PAN,Panama,2020,20178903636.81,53977000000
PA,PAN,Panama,2021,27236792219.26,63605100000
PE,PER,Peru,2017,51568396651.5319,211007207483.515
PE,PER,Peru,2018,55449563900.9149,222597212925.211
PE,PER,Peru,2019,54676068484.91,228323495040.901
PE,PER,Peru,2020,45623607790.7991,201705055938.653
PE,PER,Peru,2021,66097787168.392,223249497500.387
PH,PHL,Philippines,2017,86645909125.5701,328480867142.69
PH,PHL,Philippines,2018,90373832107.3556,346842094175.24
PH,PHL,Philippines,2019,94740948716.8764,376823278560.849
PH,PHL,Philippines,2020,80033714168.1405,361751116292.541
PH,PHL,Philippines,2021,87790066439.1881,394086401171.168
PW,PLW,Palau,2017,132457000,285600000
PW,PLW,Palau,2018,123835000,284900000
PW,PLW,Palau,2019,107823000,278900000
PW,PLW,Palau,2020,58349000,251900000
PW,PLW,Palau,2021,12070000,217800000
PG,PNG,Papua New Guinea,2017,10254287136.1932,22742613553.6879
PG,PNG,Papua New Guinea,2018,10597058446.3569,24109509852.7402
PG,PNG,Papua New Guinea,2019,NA,24751344560.8856
PG,PNG,Papua New Guinea,2020,NA,23848265895.9538
PG,PNG,Papua New Guinea,2021,NA,26594305745.554
PL,POL,Poland,2017,286082000000,524645833884.582
PL,POL,Poland,2018,324351000000,588782567765.872
PL,POL,Poland,2019,330934000000,596054591863.312
PL,POL,Poland,2020,336317000000,599449188399.108
PL,POL,Poland,2021,411621000000,679444832854.295
V1,PRE,Pre-demographic dividend,2017,278927553000.483,1301379794228.26
V1,PRE,Pre-demographic dividend,2018,344890068945.821,1356085560647.62
V1,PRE,Pre-demographic dividend,2019,339372730201.173,1401120806330.91
V1,PRE,Pre-demographic dividend,2020,243349508492.557,1316350192560.25
V1,PRE,Pre-demographic dividend,2021,345671049375.63,1434259111659.57
PR,PRI,Puerto Rico,2017,NA,103445526000
PR,PRI,Puerto Rico,2018,NA,100958100000
PR,PRI,Puerto Rico,2019,NA,105126400000
PR,PRI,Puerto Rico,2020,NA,103020300000
PR,PRI,Puerto Rico,2021,NA,106525700000
KP,PRK,"Korea, Dem. People's Rep.",2017,NA,NA
KP,PRK,"Korea, Dem. People's Rep.",2018,NA,NA
KP,PRK,"Korea, Dem. People's Rep.",2019,NA,NA
KP,PRK,"Korea, Dem. People's Rep.",2020,NA,NA
KP,PRK,"Korea, Dem. People's Rep.",2021,NA,NA
PT,PRT,Portugal,2017,95260470351.0879,221357874718.93
PT,PRT,Portugal,2018,105761494739.753,242313116577.967
PT,PRT,Portugal,2019,104845695090.204,239986922638.902
PT,PRT,Portugal,2020,85127944137.6614,229031860520.777
PT,PRT,Portugal,2021,105648226370.635,253663144586.019
PY,PRY,Paraguay,2017,14097960313.2431,38997129473.5558
PY,PRY,Paraguay,2018,14357470532.2462,40225448340.6322
PY,PRY,Paraguay,2019,13272322354.3256,37925338329.1494
PY,PRY,Paraguay,2020,11793801964.0973,35432178068.1814
PY,PRY,Paraguay,2021,14154154424.5101,39495431574.1782
PS,PSE,West Bank and Gaza,2017,2535998695.74785,16128000000
PS,PSE,West Bank and Gaza,2018,2598000000,16276600000
PS,PSE,West Bank and Gaza,2019,2659300000,17133500000
PS,PSE,West Bank and Gaza,2020,2385203570,15531700000
PS,PSE,West Bank and Gaza,2021,3180229757.56615,18036800000
S2,PSS,Pacific island small states,2017,4204343441.93077,10256217496.7143
S2,PSS,Pacific island small states,2018,4558191619.85941,10753159457.0687
S2,PSS,Pacific island small states,2019,4400305786.33931,10736233419.3753
S2,PSS,Pacific island small states,2020,2250432238.96417,9515995237.06002
S2,PSS,Pacific island small states,2021,1989140799.81351,9481916212.12622
V4,PST,Post-demographic dividend,2017,13867396687856.5,47532321468162.7
V4,PST,Post-demographic dividend,2018,15030912460522.2,50380112486266
V4,PST,Post-demographic dividend,2019,14733248026455.6,50879345159852
V4,PST,Post-demographic dividend,2020,13165771359864.4,49697795866801.5
V4,PST,Post-demographic dividend,2021,15922996786130.7,54972726099855.9
PF,PYF,French Polynesia,2017,NA,5833351477.8985
PF,PYF,French Polynesia,2018,NA,6135117589.07754
PF,PYF,French Polynesia,2019,NA,6001384759.57628
PF,PYF,French Polynesia,2020,NA,5709421968.74051
PF,PYF,French Polynesia,2021,NA,6054676735.37523
QA,QAT,Qatar,2017,85204395604.3956,161099122225.275
QA,QAT,Qatar,2018,102560989010.989,183334953818.681
QA,QAT,Qatar,2019,92046153846.1538,175837550989.011
QA,QAT,Qatar,2020,70933241758.2418,144411363345.27
QA,QAT,Qatar,2021,105549450549.451,179677211793.938
RO,ROU,Romania,2017,89179888822.4248,210146748920.419
RO,ROU,Romania,2018,101105300287.344,243317079358.636
RO,ROU,Romania,2019,100901294663.9,251019278416.197
RO,ROU,Romania,2020,93024309666.5611,251362040527.804
RO,ROU,Romania,2021,115879266304.887,284087563695.798
RU,RUS,Russian Federation,2017,410482810000,1574199387070.9
RU,RUS,Russian Federation,2018,508560910000,1657329646183.62
RU,RUS,Russian Federation,2019,481686310000,1693113904262.89
RU,RUS,Russian Federation,2020,381489920000,1489362488439.76
RU,RUS,Russian Federation,2021,550034560000,1778782625793.74
RW,RWA,Rwanda,2017,1903903239.37625,9252834120.39358
RW,RWA,Rwanda,2018,2043256454.25957,9642440645.81148
RW,RWA,Rwanda,2019,2254674808.8851,10356327149.4262
RW,RWA,Rwanda,2020,1928961923.39568,10184345442.1708
RW,RWA,Rwanda,2021,2109855180.45618,11070356519.4804
8S,SAS,South Asia,2017,584765741592.547,3433881936826.05
8S,SAS,South Asia,2018,640866155356.939,3534209018062.62
8S,SAS,South Asia,2019,649840273643.876,3653950915835.84
8S,SAS,South Asia,2020,569403298815.957,3487013484521.62
8S,SAS,South Asia,2021,754536203864.591,4088770638066.94
SA,SAU,Saudi Arabia,2017,239993341453.867,688586094412.68
SA,SAU,Saudi Arabia,2018,314916582179.44,816578674529.141
SA,SAU,Saudi Arabia,2019,285859922577.6,803616264791.024
SA,SAU,Saudi Arabia,2020,182847985098.437,703367841222.555
SA,SAU,Saudi Arabia,2021,286501609064.774,833541236569.315
SD,SDN,Sudan,2017,5880500847.62069,129717804934.614
SD,SDN,Sudan,2018,4995707338.38466,32333780383.2924
SD,SDN,Sudan,2019,5101252297.39815,32338079165.2893
SD,SDN,Sudan,2020,5065438285.07997,27034593750
SD,SDN,Sudan,2021,5915969249.72974,34326058557.4418
SN,SEN,Senegal,2017,4593278924.06845,20996564751.5994
SN,SEN,Senegal,2018,5287037761.42284,23116897847.0474
SN,SEN,Senegal,2019,NA,23398811423.578
SN,SEN,Senegal,2020,NA,24493157583.2282
SN,SEN,Senegal,2021,NA,27625388352.1688
SG,SGP,Singapore,2017,588212538696.888,343193352161.634
SG,SGP,Singapore,2018,665728544862.566,376998146500.593
SG,SGP,Singapore,2019,658126610425.233,375472731271.075
SG,SGP,Singapore,2020,627441803719.294,345295933898.674
SG,SGP,Singapore,2021,733781786152.913,396986899888.351
SB,SLB,Solomon Islands,2017,593886704.212845,1469787255.62289
SB,SLB,Solomon Islands,2018,680656697.375648,1615479408.99088
SB,SLB,Solomon Islands,2019,591292572.869012,1619154819.29185
SB,SLB,Solomon Islands,2020,428833631.084617,1536148245.54995
SB,SLB,Solomon Islands,2021,413657230.872215,1631486531.92364
SL,SLE,Sierra Leone,2017,843859581.215989,3719369107.34992
SL,SLE,Sierra Leone,2018,963947584.944623,4085114794.22324
SL,SLE,Sierra Leone,2019,1059973684.81786,4076578542.56207
SL,SLE,Sierra Leone,2020,700970959.838812,4063289449.58795
SL,SLE,Sierra Leone,2021,NA,4042237864.28942
SV,SLV,El Salvador,2017,7224712453.27385,24979190000
SV,SLV,El Salvador,2018,7564979852.29191,26020850000
SV,SLV,El Salvador,2019,8056709675.599,26881140000
SV,SLV,El Salvador,2020,6295295760.09252,24563020000
SV,SLV,El Salvador,2021,8490952258.80547,28736940000
SM,SMR,San Marino,2017,NA,1528630707.49794
SM,SMR,San Marino,2018,NA,1655300872.53427
SM,SMR,San Marino,2019,NA,1616188702.34405
SM,SMR,San Marino,2020,NA,1541204337.79164
SM,SMR,San Marino,2021,NA,NA
SO,SOM,Somalia,2017,NA,5609000000
SO,SOM,Somalia,2018,NA,5856000006.22196
SO,SOM,Somalia,2019,NA,6485000000
SO,SOM,Somalia,2020,NA,6883000000
SO,SOM,Somalia,2021,NA,7628000011.46184
RS,SRB,Serbia,2017,21858742467.3402,44179055279.8887
RS,SRB,Serbia,2018,24966953882.8816,50640650221.4622
RS,SRB,Serbia,2019,26127205134.0063,51514222381.8428
RS,SRB,Serbia,2020,25499689164.1302,53356480453.8048
RS,SRB,Serbia,2021,33726210240.5816,63082047649.8528
ZF,SSA,Sub-Saharan Africa (excluding high income),2017,378926911830.395,1711173842424.55
ZF,SSA,Sub-Saharan Africa (excluding high income),2018,427542932218.858,1780721336679.5
ZF,SSA,Sub-Saharan Africa (excluding high income),2019,421094666177.929,1801676535161.84
ZF,SSA,Sub-Saharan Africa (excluding high income),2020,343169659620.499,1717749672914.59
ZF,SSA,Sub-Saharan Africa (excluding high income),2021,458670001627.115,1927598981029.07
SS,SSD,South Sudan,2017,2374922000,NA
SS,SSD,South Sudan,2018,3094570000,NA
SS,SSD,South Sudan,2019,3641120000,NA
SS,SSD,South Sudan,2020,2344430000,NA
SS,SSD,South Sudan,2021,4651960000,NA
ZG,SSF,Sub-Saharan Africa,2017,380846136030.323,1712748573322.83
ZG,SSF,Sub-Saharan Africa,2018,429752825953.838,1782358990338.71
ZG,SSF,Sub-Saharan Africa,2019,423240529424.273,1803362506027.61
ZG,SSF,Sub-Saharan Africa,2020,344430287441.199,1719009523108.91
ZG,SSF,Sub-Saharan Africa,2021,460473218083.475,1929052252557.39
S1,SST,Small states,2017,275056512805.556,482789606323.108
S1,SST,Small states,2018,313195143581.884,529991321740.281
S1,SST,Small states,2019,298693521513.387,521527918170.426
S1,SST,Small states,2020,235600059517.791,453728268085.958
S1,SST,Small states,2021,329969471091.215,538706065410.038
ST,STP,Sao Tome and Principe,2017,92153927.4271183,375614126.193877
ST,STP,Sao Tome and Principe,2018,98232686.4349107,412253809.728799
ST,STP,Sao Tome and Principe,2019,72593875.0164174,427425039.684339
ST,STP,Sao Tome and Principe,2020,49337067.4742926,472551022.513384
ST,STP,Sao Tome and Principe,2021,75256483.0643503,526653790.670814
SR,SUR,Suriname,2017,2143368510.5159,3591660723.58668
SR,SUR,Suriname,2018,2235837595.90414,3996204757.11893
SR,SUR,Suriname,2019,2286750029.46646,4016040575.08796
SR,SUR,Suriname,2020,2446394181.71005,2911807496.20227
SR,SUR,Suriname,2021,2299458236.72327,2984706243.65482
SK,SVK,Slovak Republic,2017,90274774489.5033,95649966260.9802
SK,SVK,Slovak Republic,2018,100762540305.011,106137924015.593
SK,SVK,Slovak Republic,2019,96858697752.526,105720354988.541
SK,SVK,Slovak Republic,2020,90545983830.6432,106696828625.55
SK,SVK,Slovak Republic,2021,107430194599.661,116527101097.7
SI,SVN,Slovenia,2017,40469913560.191,48589100043.0954
SI,SVN,Slovenia,2018,45944531038.0124,54177882425.8431
SI,SVN,Slovenia,2019,45515913362.9726,54331588482.3058
SI,SVN,Slovenia,2020,41822620182.9536,53706800043.6842
SI,SVN,Slovenia,2021,51633821607.0642,61748586534.8672
SE,SWE,Sweden,2017,237410885613.89,541018749769.097
SE,SWE,Sweden,2018,254253229122.362,555455371487.089
SE,SWE,Sweden,2019,257293455257.338,533879529188.454
SE,SWE,Sweden,2020,241939662152.816,547054174235.876
SE,SWE,Sweden,2021,290792749683.689,635663801201.765
SZ,SWZ,Eswatini,2017,1914980625.92333,4402969225.92165
SZ,SWZ,Eswatini,2018,1899341355.88341,4665237415.12526
SZ,SWZ,Eswatini,2019,2047508514.21664,4495264160.86577
SZ,SWZ,Eswatini,2020,1807821427.19826,3982226055.38454
SZ,SWZ,Eswatini,2021,2131827550.75108,4743335152.94181
SX,SXM,Sint Maarten (Dutch part),2017,962082537.776536,1191620111.73184
SX,SXM,Sint Maarten (Dutch part),2018,801576504.787709,1185474860.3352
SX,SXM,Sint Maarten (Dutch part),2019,1090733591.7486,NA
SX,SXM,Sint Maarten (Dutch part),2020,527044089.921788,NA
SX,SXM,Sint Maarten (Dutch part),2021,787980697.938547,NA
SC,SYC,Seychelles,2017,1864536078.1366,1573433080.78958
SC,SYC,Seychelles,2018,2145360941.69514,1636312009.83387
SC,SYC,Seychelles,2019,2084655873.75074,1684373490.19831
SC,SYC,Seychelles,2020,1239725606.8059,1261198524.11092
SC,SYC,Seychelles,2021,1751161614.0262,1454458183.85981
SY,SYR,Syrian Arab Republic,2017,NA,16369724433.2751
SY,SYR,Syrian Arab Republic,2018,NA,21351730539.3113
SY,SYR,Syrian Arab Republic,2019,NA,22443299775.342
SY,SYR,Syrian Arab Republic,2020,NA,11079795397.2805
SY,SYR,Syrian Arab Republic,2021,NA,NA
TC,TCA,Turks and Caicos Islands,2017,602581142.128048,1022365000
TC,TCA,Turks and Caicos Islands,2018,826823788.634874,1113178000
TC,TCA,Turks and Caicos Islands,2019,NA,1197415000
TC,TCA,Turks and Caicos Islands,2020,NA,924583000
TC,TCA,Turks and Caicos Islands,2021,NA,943269800
TD,TCD,Chad,2017,NA,10000395242.1457
TD,TCD,Chad,2018,NA,11239167048.4916
TD,TCD,Chad,2019,NA,11314951342.7807
TD,TCD,Chad,2020,NA,10715396135.4168
TD,TCD,Chad,2021,NA,11779980801.7843
T4,TEA,East Asia & Pacific (IDA & IBRD countries),2017,3523095533325.9,14858104901052.9
T4,TEA,East Asia & Pacific (IDA & IBRD countries),2018,3849727101738.5,16619046649580
T4,TEA,East Asia & Pacific (IDA & IBRD countries),2019,3837916746229.07,17185732294158.7
T4,TEA,East Asia & Pacific (IDA & IBRD countries),2020,3818431717872.44,17464369876211.7
T4,TEA,East Asia & Pacific (IDA & IBRD countries),2021,4858425349268.89,20725171469830.4
T7,TEC,Europe & Central Asia (IDA & IBRD countries),2017,1329070237291.26,3909310469562.89
T7,TEC,Europe & Central Asia (IDA & IBRD countries),2018,1541550859524.13,4076952761850.13
T7,TEC,Europe & Central Asia (IDA & IBRD countries),2019,1536948898625.67,4158041868619.31
T7,TEC,Europe & Central Asia (IDA & IBRD countries),2020,1334762604532.22,3891716780502.41
T7,TEC,Europe & Central Asia (IDA & IBRD countries),2021,1791488096806.15,4550386471314.9
TG,TGO,Togo,2017,1588595518.22664,6395472574.41445
TG,TGO,Togo,2018,1702908075.83448,7112200725.00232
TG,TGO,Togo,2019,1665136817.79807,7220395247.7424
TG,TGO,Togo,2020,1721559850.24159,7574636978.66175
TG,TGO,Togo,2021,NA,8413200567.6151
TH,THA,Thailand,2017,304652181948.389,456356961443.497
TH,THA,Thailand,2018,328581755663.36,506754616189.315
TH,THA,Thailand,2019,323878328530.532,544081056184.697
TH,THA,Thailand,2020,257981084338.873,499681757030.968
TH,THA,Thailand,2021,296002115872.214,505947037098.424
TJ,TJK,Tajikistan,2017,1124964688.2,7536439875.08334
TJ,TJK,Tajikistan,2018,1116258706,7765014424.33779
TJ,TJK,Tajikistan,2019,1243494480,8300784856.87904
TJ,TJK,Tajikistan,2020,1409162182,8133996647.90397
TJ,TJK,Tajikistan,2021,2161326665,8746270636.40142
TM,TKM,Turkmenistan,2017,NA,37926285714.2857
TM,TKM,Turkmenistan,2018,NA,40765428571.4286
TM,TKM,Turkmenistan,2019,NA,45231428571.4286
TM,TKM,Turkmenistan,2020,NA,NA
TM,TKM,Turkmenistan,2021,NA,NA
T2,TLA,Latin America & the Caribbean (IDA & IBRD countries),2017,1162695601805.85,5592359316215.82
T2,TLA,Latin America & the Caribbean (IDA & IBRD countries),2018,1258836993466.08,5461289535166.39
T2,TLA,Latin America & the Caribbean (IDA & IBRD countries),2019,1250209273216.35,5367417073061.3
T2,TLA,Latin America & the Caribbean (IDA & IBRD countries),2020,1091376294156.89,4494455537224.68
T2,TLA,Latin America & the Caribbean (IDA & IBRD countries),2021,1394004940218.14,5183127352776.93
TL,TLS,Timor-Leste,2017,109896003.011685,1595724260.7075
TL,TLS,Timor-Leste,2018,121872114.419877,1563887943.80061
TL,TLS,Timor-Leste,2019,117471950.751448,2028551627.60532
TL,TLS,Timor-Leste,2020,57104512.9667158,2158392539.93697
TL,TLS,Timor-Leste,2021,2315389586.12769,3621222382.15929
T3,TMN,Middle East & North Africa (IDA & IBRD countries),2017,363961378448.819,1448152101336.06
T3,TMN,Middle East & North Africa (IDA & IBRD countries),2018,452425951382.054,1374528444174.12
T3,TMN,Middle East & North Africa (IDA & IBRD countries),2019,443450331617.251,1376425284814.72
T3,TMN,Middle East & North Africa (IDA & IBRD countries),2020,285640200011.257,1258548859986.87
T3,TMN,Middle East & North Africa (IDA & IBRD countries),2021,407944227952.314,1475707612624.83
TO,TON,Tonga,2017,102004945.659173,460379144.989821
TO,TON,Tonga,2018,104850808.124847,488903272.859878
TO,TON,Tonga,2019,112481817.777651,512057749.020644
TO,TON,Tonga,2020,99779579.3254015,484806718.323882
TO,TON,Tonga,2021,58744817.3831502,469231309.539488
T5,TSA,South Asia (IDA & IBRD),2017,584765741592.547,3433881936826.05
T5,TSA,South Asia (IDA & IBRD),2018,640866155356.939,3534209018062.62
T5,TSA,South Asia (IDA & IBRD),2019,649840273643.876,3653950915835.84
T5,TSA,South Asia (IDA & IBRD),2020,569403298815.957,3487013484521.62
T5,TSA,South Asia (IDA & IBRD),2021,754536203864.591,4088770638066.94
T6,TSS,Sub-Saharan Africa (IDA & IBRD countries),2017,380846136030.323,1712748573322.83
T6,TSS,Sub-Saharan Africa (IDA & IBRD countries),2018,429752825953.838,1782358990338.71
T6,TSS,Sub-Saharan Africa (IDA & IBRD countries),2019,423240529424.273,1803362506027.61
T6,TSS,Sub-Saharan Africa (IDA & IBRD countries),2020,344430287441.199,1719009523108.91
T6,TSS,Sub-Saharan Africa (IDA & IBRD countries),2021,460473218083.474,1929052252557.38
TT,TTO,Trinidad and Tobago,2017,10624640290.6236,23797686965.7886
TT,TTO,Trinidad and Tobago,2018,11569943461.7966,24322359034.7096
TT,TTO,Trinidad and Tobago,2019,9565811941.96694,23849557811.8957
TT,TTO,Trinidad and Tobago,2020,6439718323.60064,21059428851.4883
TT,TTO,Trinidad and Tobago,2021,11467205693.2225,24460196270.6866
TN,TUN,Tunisia,2017,17584260723.1057,42163966272.6296
TN,TUN,Tunisia,2018,19418507417.5755,42685972269.4473
TN,TUN,Tunisia,2019,19174809446.4576,41906113685.9324
TN,TUN,Tunisia,2020,16017482362.0746,42537832456.2651
TN,TUN,Tunisia,2021,19743373810.1486,46686741814.278
TR,TUR,Turkiye,2017,222695000000,858996263095.858
TR,TUR,Turkiye,2018,237536000000,778471900960.981
TR,TUR,Turkiye,2019,244941000000,759937390496.669
TR,TUR,Turkiye,2020,203816000000,720289368333.191
TR,TUR,Turkiye,2021,282851000000,819035182929.585
TV,TUV,Tuvalu,2017,8866457.42123801,45217657.8786021
TV,TUV,Tuvalu,2018,8754000.98430172,47818290.4961148
TV,TUV,Tuvalu,2019,10265794.991031,54223149.1136601
TV,TUV,Tuvalu,2020,3087048.52611002,55054710.6186773
TV,TUV,Tuvalu,2021,2699307.40381001,63100961.5384615
TZ,TZA,Tanzania,2017,8342628564.25888,53320647489.1365
TZ,TZA,Tanzania,2018,8307383925.18604,57003685911.9411
TZ,TZA,Tanzania,2019,9658576688.75259,61136873692.3985
TZ,TZA,Tanzania,2020,8555483605.27012,62409709110.9538
TZ,TZA,Tanzania,2021,NA,67841049193.3855
UG,UGA,Uganda,2017,5095505082.40728,30744473911.5312
UG,UGA,Uganda,2018,6082892054.79738,32927025573.4296
UG,UGA,Uganda,2019,6171772904.79919,35353060634.2022
UG,UGA,Uganda,2020,5562352995.082,37600368180.9399
UG,UGA,Uganda,2021,6177183968.47063,40529789025.5702
UA,UKR,Ukraine,2017,53944000000,112090530368.543
UA,UKR,Ukraine,2018,59177000000,130891049796.879
UA,UKR,Ukraine,2019,63556000000,153882982016.281
UA,UKR,Ukraine,2020,60707000000,156617861448.576
UA,UKR,Ukraine,2021,81504000000,200085537744.354
UY,URY,Uruguay,2017,16844976837.5221,64233966861.2518
UY,URY,Uruguay,2018,17083366048.2707,64515038268.1373
UY,URY,Uruguay,2019,17086724896.1081,61231149880.5857
UY,URY,Uruguay,2020,13596245750.2405,53560755046.6162
UY,URY,Uruguay,2021,18820499507.9545,59319484710.6527
US,USA,United States,2017,2394477000000,19477336549000
US,USA,United States,2018,2542459000000,20533057312000
US,USA,United States,2019,2546280000000,21380976119000
US,USA,United States,2020,2158651000000,21060473613000
US,USA,United States,2021,2556638000000,23315080560000
UZ,UZB,Uzbekistan,2017,12412218530.1396,62081323299.0324
UZ,UZB,Uzbekistan,2018,14135137288.3331,52633143808.1824
UZ,UZB,Uzbekistan,2019,16993438086.4052,59907674027.4676
UZ,UZB,Uzbekistan,2020,14531698190.0902,59894305352.8955
UZ,UZB,Uzbekistan,2021,16399387562.728,69238903106.1738
VC,VCT,St. Vincent and the Grenadines,2017,293165598.860022,847620222.222222
VC,VCT,St. Vincent and the Grenadines,2018,321788373.771149,884328185.185185
VC,VCT,St. Vincent and the Grenadines,2019,327510027.743574,910149703.703704
VC,VCT,St. Vincent and the Grenadines,2020,188834178.767763,872134555.555555
VC,VCT,St. Vincent and the Grenadines,2021,125777150.304563,904181492.766708
VE,VEN,"Venezuela, RB",2017,NA,NA
VE,VEN,"Venezuela, RB",2018,NA,NA
VE,VEN,"Venezuela, RB",2019,NA,NA
VE,VEN,"Venezuela, RB",2020,NA,NA
VE,VEN,"Venezuela, RB",2021,NA,NA
VG,VGB,British Virgin Islands,2017,NA,NA
VG,VGB,British Virgin Islands,2018,NA,NA
VG,VGB,British Virgin Islands,2019,NA,NA
VG,VGB,British Virgin Islands,2020,NA,NA
VG,VGB,British Virgin Islands,2021,NA,NA
VI,VIR,Virgin Islands (U.S.),2017,NA,3794000000
VI,VIR,Virgin Islands (U.S.),2018,NA,3922000000
VI,VIR,Virgin Islands (U.S.),2019,NA,4117000000
VI,VIR,Virgin Islands (U.S.),2020,NA,4204000000
VI,VIR,Virgin Islands (U.S.),2021,NA,NA
VN,VNM,Vietnam,2017,228189000000,281353625688.004
VN,VNM,Vietnam,2018,258487500000,310106472642.968
VN,VNM,Vietnam,2019,280826000000,334365257436.758
VN,VNM,Vietnam,2020,290229000000,346615750664.384
VN,VNM,Vietnam,2021,339984000000,366137590600.699
VU,VUT,Vanuatu,2017,345572532.077983,880062103.045053
VU,VUT,Vanuatu,2018,380384177.57864,914736985.430944
VU,VUT,Vanuatu,2019,372710604.422644,936526267.622513
VU,VUT,Vanuatu,2020,141534193.192379,896879875.195008
VU,VUT,Vanuatu,2021,88804596.6436927,956332655.718234
1W,WLD,World,2017,23109187294841.3,81409498368206
1W,WLD,World,2018,25348653179850.9,86466958777951.7
1W,WLD,World,2019,24970660286890.3,87654250895445.7
1W,WLD,World,2020,22594684297835.3,85116336691718.7
1W,WLD,World,2021,28108490831933.5,96527425918257.8
WS,WSM,Samoa,2017,278392003.174767,884847176.210759
WS,WSM,Samoa,2018,301045362.328637,878435084.164589
WS,WSM,Samoa,2019,336781581.565598,912944537.815126
WS,WSM,Samoa,2020,116519130.116128,868904477.722589
WS,WSM,Samoa,2021,97774087.7071805,843842416.462442
NA,XD,High income,2017,16325790414311.4,51538132153372.5
NA,XD,High income,2018,17814225817298.4,54799160857050.5
NA,XD,High income,2019,17462493103690.6,55272928209105.5
NA,XD,High income,2020,15718242209228.9,53874554655356.4
NA,XD,High income,2021,19169443785105.7,59829674153980.1
XK,XKX,Kosovo,2017,1988889207.53146,7180813375.50836
XK,XKX,Kosovo,2018,2278377702.89558,7878508502.59802
XK,XKX,Kosovo,2019,2311537786.01406,7899879086.43081
XK,XKX,Kosovo,2020,1687283575.44562,7716925356.12536
XK,XKX,Kosovo,2021,3138296941.1104,9412034299.23122
NA,XM,Low income,2017,95575850061.5354,549267831352
NA,XM,Low income,2018,108859918016.957,495876417677.63
NA,XM,Low income,2019,106266111731.72,504129640270.574
NA,XM,Low income,2020,105254307555.477,508740161134.52
NA,XM,Low income,2021,141501586360.608,562977782713.026
NA,XN,Lower middle income,2017,1680405435175.45,7412210206869.53
NA,XN,Lower middle income,2018,1864269086340.14,7599755889622.71
NA,XN,Lower middle income,2019,1904747576681.42,7908592833397.55
NA,XN,Lower middle income,2020,1659968140973.1,7617243123611.1
NA,XN,Lower middle income,2021,2135917287774.83,8742534530876.31
NA,XT,Upper middle income,2017,5018084192573.97,21644841419480.9
NA,XT,Upper middle income,2018,5572386232841.79,23304501933943.9
NA,XT,Upper middle income,2019,5510065803670.82,23681744716187.8
NA,XT,Upper middle income,2020,5117306836117.49,22851374975033.8
NA,XT,Upper middle income,2021,6669353057398.71,27104087422750.6
NA,XY,Not classified,2017,NA,NA
NA,XY,Not classified,2018,NA,NA
NA,XY,Not classified,2019,NA,NA
NA,XY,Not classified,2020,NA,NA
NA,XY,Not classified,2021,NA,NA
YE,YEM,"Yemen, Rep.",2017,NA,26842231204.8047
YE,YEM,"Yemen, Rep.",2018,NA,21606161066.2074
YE,YEM,"Yemen, Rep.",2019,NA,NA
YE,YEM,"Yemen, Rep.",2020,NA,NA
YE,YEM,"Yemen, Rep.",2021,NA,NA
ZA,ZAF,South Africa,2017,104172007272.968,381448814653.456
ZA,ZAF,South Africa,2018,111334112727.156,404159690890.846
ZA,ZAF,South Africa,2019,105988046233.518,388531954110.604
ZA,ZAF,South Africa,2020,94123267762.7931,337619680138.494
ZA,ZAF,South Africa,2021,130884589601.361,419015018371.887
ZM,ZMB,Zambia,2017,9080489944.95686,25873601260.8353
ZM,ZMB,Zambia,2018,9982606351.24093,26311590296.7021
ZM,ZMB,Zambia,2019,8257880170.88912,23308667781.2258
ZM,ZMB,Zambia,2020,8558478218.53642,18110631358.3114
ZM,ZMB,Zambia,2021,11716458867.6682,22147634727.3584
ZW,ZWE,Zimbabwe,2017,4640216633.00748,17584890937.482
ZW,ZWE,Zimbabwe,2018,5178166048.1657,34156069918.0609
ZW,ZWE,Zimbabwe,2019,5266936851.54332,21832234925.5021
ZW,ZWE,Zimbabwe,2020,5263295267.60874,21509698406.1116
ZW,ZWE,Zimbabwe,2021,NA,28371238665.5116
