iso2c,iso3c,country,year,date,GDP
AW,ABW,Aruba,2019,2019-01-01,3368970253.05286
AW,ABW,Aruba,2020,2020-01-01,2610038937.56355
AW,ABW,Aruba,2021,2021-01-01,3126019399.06492
AF,AFG,Afghanistan,2019,2019-01-01,18904490262.913
AF,AFG,Afghanistan,2020,2020-01-01,20143442150.971
AF,AFG,Afghanistan,2021,2021-01-01,14786861638.4535
AO,AGO,Angola,2019,2019-01-01,69309110145.7687
AO,AGO,Angola,2020,2020-01-01,53619073505.1377
AO,AGO,Angola,2021,2021-01-01,67404287260.3199
AL,ALB,Albania,2019,2019-01-01,15401830754.0773
AL,ALB,Albania,2020,2020-01-01,15131866270.5936
AL,ALB,Albania,2021,2021-01-01,18255787479.1846
AD,AND,Andorra,2019,2019-01-01,3155065487.51819
AD,AND,Andorra,2020,2020-01-01,2891022272.98687
AD,AND,Andorra,2021,2021-01-01,3330281523.5391502
1A,ARB,Arab World,2019,2019-01-01,2818359324481.87
1A,ARB,Arab World,2020,2020-01-01,2491175410790
1A,ARB,Arab World,2021,2021-01-01,2862987423061.49
AE,ARE,United Arab Emirates,2019,2019-01-01,417989721734.494
AE,ARE,United Arab Emirates,2020,2020-01-01,349473015336.939
AE,ARE,United Arab Emirates,2021,2021-01-01,415021590683.006
AR,ARG,Argentina,2019,2019-01-01,447754609218.678
AR,ARG,Argentina,2020,2020-01-01,385540224628.292
AR,ARG,Argentina,2021,2021-01-01,487227339102.67
AM,ARM,Armenia,2019,2019-01-01,13619291361.2814
AM,ARM,Armenia,2020,2020-01-01,12641697523.2966
AM,ARM,Armenia,2021,2021-01-01,13861409968.835
AS,ASM,American Samoa,2019,2019-01-01,647000000
AS,ASM,American Samoa,2020,2020-01-01,716000000
AS,ASM,American Samoa,2021,2021-01-01,709000000
AG,ATG,Antigua and Barbuda,2019,2019-01-01,1687533333.33333
AG,ATG,Antigua and Barbuda,2020,2020-01-01,1370281481.48148
AG,ATG,Antigua and Barbuda,2021,2021-01-01,1471125925.92593
AU,AUS,Australia,2019,2019-01-01,1392227864397.08
AU,AUS,Australia,2020,2020-01-01,1326901059123.21
AU,AUS,Australia,2021,2021-01-01,1552667363236.06
AT,AUT,Austria,2019,2019-01-01,444621176100.548
AT,AUT,Austria,2020,2020-01-01,435225238000.437
AT,AUT,Austria,2021,2021-01-01,480368403893.364
AZ,AZE,Azerbaijan,2019,2019-01-01,48174235294.1176
AZ,AZE,Azerbaijan,2020,2020-01-01,42693000000
AZ,AZE,Azerbaijan,2021,2021-01-01,54622176470.5882
BI,BDI,Burundi,2019,2019-01-01,2576518846.39
BI,BDI,Burundi,2020,2020-01-01,2649671998.86192
BI,BDI,Burundi,2021,2021-01-01,2779813489.02447
BE,BEL,Belgium,2019,2019-01-01,535830876745.097
BE,BEL,Belgium,2020,2020-01-01,525211810652.608
BE,BEL,Belgium,2021,2021-01-01,594104177539.525
BJ,BEN,Benin,2019,2019-01-01,14391686309.033
BJ,BEN,Benin,2020,2020-01-01,15651545208.8783
BJ,BEN,Benin,2021,2021-01-01,17144918952.4682
BF,BFA,Burkina Faso,2019,2019-01-01,16178162030.0694
BF,BFA,Burkina Faso,2020,2020-01-01,17933606353.1775
BF,BFA,Burkina Faso,2021,2021-01-01,19737615114.3661
BD,BGD,Bangladesh,2019,2019-01-01,351238474244.667
BD,BGD,Bangladesh,2020,2020-01-01,373902134700.41
BD,BGD,Bangladesh,2021,2021-01-01,416264942893.326
BG,BGR,Bulgaria,2019,2019-01-01,68915875214.6537
BG,BGR,Bulgaria,2020,2020-01-01,70240275010.1964
BG,BGR,Bulgaria,2021,2021-01-01,84056312734.3089
BH,BHR,Bahrain,2019,2019-01-01,38653318085.1064
BH,BHR,Bahrain,2020,2020-01-01,34723357446.8085
BH,BHR,Bahrain,2021,2021-01-01,38868663031.9149
BS,BHS,"Bahamas, The",2019,2019-01-01,13192800000
BS,BHS,"Bahamas, The",2020,2020-01-01,9699500000
BS,BHS,"Bahamas, The",2021,2021-01-01,11208600000
BA,BIH,Bosnia and Herzegovina,2019,2019-01-01,20202479537.5193
BA,BIH,Bosnia and Herzegovina,2020,2020-01-01,19950471170.6465
BA,BIH,Bosnia and Herzegovina,2021,2021-01-01,23365361635.2201
BY,BLR,Belarus,2019,2019-01-01,64409647193.8044
BY,BLR,Belarus,2020,2020-01-01,61371126414.1663
BY,BLR,Belarus,2021,2021-01-01,68205380706.6609
BZ,BLZ,Belize,2019,2019-01-01,2416500000
BZ,BLZ,Belize,2020,2020-01-01,2080000000
BZ,BLZ,Belize,2021,2021-01-01,2491500000
BM,BMU,Bermuda,2019,2019-01-01,7423465000
BM,BMU,Bermuda,2020,2020-01-01,6887147000
BM,BMU,Bermuda,2021,2021-01-01,7286607000
BO,BOL,Bolivia,2019,2019-01-01,40895322843.7851
BO,BOL,Bolivia,2020,2020-01-01,36629843805.0216
BO,BOL,Bolivia,2021,2021-01-01,40408208528.1599
BR,BRA,Brazil,2019,2019-01-01,1873274432754.47
BR,BRA,Brazil,2020,2020-01-01,1448559976218.19
BR,BRA,Brazil,2021,2021-01-01,1608981456325.08
BB,BRB,Barbados,2019,2019-01-01,5324250000
BB,BRB,Barbados,2020,2020-01-01,4671800000
BB,BRB,Barbados,2021,2021-01-01,4843800000
BN,BRN,Brunei Darussalam,2019,2019-01-01,13469422958.5105
BN,BRN,Brunei Darussalam,2020,2020-01-01,12005825759.223
BN,BRN,Brunei Darussalam,2021,2021-01-01,14006569575.68
BT,BTN,Bhutan,2019,2019-01-01,2535657069.05537
BT,BTN,Bhutan,2020,2020-01-01,2325184481.4277
BT,BTN,Bhutan,2021,2021-01-01,2539552984.67797
BW,BWA,Botswana,2019,2019-01-01,16695928792.5697
BW,BWA,Botswana,2020,2020-01-01,14930072458.5814
BW,BWA,Botswana,2021,2021-01-01,17614791265.6824
CF,CAF,Central African Republic,2019,2019-01-01,2221301400.72468
CF,CAF,Central African Republic,2020,2020-01-01,2326720920.59223
CF,CAF,Central African Republic,2021,2021-01-01,2516498299.01212
CA,CAN,Canada,2019,2019-01-01,1742015045482.31
CA,CAN,Canada,2020,2020-01-01,1645423407568.36
CA,CAN,Canada,2021,2021-01-01,1988336331717.42
B8,CEB,Central Europe and the Baltics,2019,2019-01-01,1675083820501.22
B8,CEB,Central Europe and the Baltics,2020,2020-01-01,1664902507747.84
B8,CEB,Central Europe and the Baltics,2021,2021-01-01,1901935313869.67
CH,CHE,Switzerland,2019,2019-01-01,721369112726.724
CH,CHE,Switzerland,2020,2020-01-01,739913619797.445
CH,CHE,Switzerland,2021,2021-01-01,800640155387.26
CL,CHL,Chile,2019,2019-01-01,278584733103.01
CL,CHL,Chile,2020,2020-01-01,252727193710.018
CL,CHL,Chile,2021,2021-01-01,317058508651.76
CN,CHN,China,2019,2019-01-01,14279937500606.5
CN,CHN,China,2020,2020-01-01,14687673892882
CN,CHN,China,2021,2021-01-01,17734062645371.4
CI,CIV,Cote d'Ivoire,2019,2019-01-01,58539424929.7248
CI,CIV,Cote d'Ivoire,2020,2020-01-01,61348579465.1017
CI,CIV,Cote d'Ivoire,2021,2021-01-01,70043191477.0454
CM,CMR,Cameroon,2019,2019-01-01,39670977332.7348
CM,CMR,Cameroon,2020,2020-01-01,40773241531.2395
CM,CMR,Cameroon,2021,2021-01-01,45338283344.8175
CD,COD,"Congo, Dem. Rep.",2019,2019-01-01,51775830725.8441
CD,COD,"Congo, Dem. Rep.",2020,2020-01-01,48716960860.0664
CD,COD,"Congo, Dem. Rep.",2021,2021-01-01,55350968593.0597
CG,COG,"Congo, Rep.",2019,2019-01-01,12750339022.9915
CG,COG,"Congo, Rep.",2020,2020-01-01,10483151175.8451
CG,COG,"Congo, Rep.",2021,2021-01-01,13366230219.5352
CO,COL,Colombia,2019,2019-01-01,323109540251.855
CO,COL,Colombia,2020,2020-01-01,270299984937.97
CO,COL,Colombia,2021,2021-01-01,314464137241.33
KM,COM,Comoros,2019,2019-01-01,1195019559.09381
KM,COM,Comoros,2020,2020-01-01,1225039230.74083
KM,COM,Comoros,2021,2021-01-01,1296089632.60039
CV,CPV,Cabo Verde,2019,2019-01-01,1981845740.70615
CV,CPV,Cabo Verde,2020,2020-01-01,1703698676.69742
CV,CPV,Cabo Verde,2021,2021-01-01,1936174043.45293
CR,CRI,Costa Rica,2019,2019-01-01,64417670082.6127
CR,CRI,Costa Rica,2020,2020-01-01,62158002233.0279
CR,CRI,Costa Rica,2021,2021-01-01,64282438666.739
S3,CSS,Caribbean small states,2019,2019-01-01,77428424853.8962
S3,CSS,Caribbean small states,2020,2020-01-01,65896805290.3286
S3,CSS,Caribbean small states,2021,2021-01-01,75295300457.2966
CU,CUB,Cuba,2019,2019-01-01,103428000000
CU,CUB,Cuba,2020,2020-01-01,107352000000
CW,CUW,Curacao,2019,2019-01-01,2995185474.86034
CW,CUW,Curacao,2020,2020-01-01,2496174748.60335
CW,CUW,Curacao,2021,2021-01-01,2699612458.10056
KY,CYM,Cayman Islands,2019,2019-01-01,5943589103.56414
KY,CYM,Cayman Islands,2020,2020-01-01,5608989199.56798
KY,CYM,Cayman Islands,2021,2021-01-01,5898449687.97711
CY,CYP,Cyprus,2019,2019-01-01,25944504645.6957
CY,CYP,Cyprus,2020,2020-01-01,25008448886.3507
CY,CYP,Cyprus,2021,2021-01-01,28407867534.0035
CZ,CZE,Czechia,2019,2019-01-01,252548179964.897
CZ,CZE,Czechia,2020,2020-01-01,245974558654.043
CZ,CZE,Czechia,2021,2021-01-01,281777887121.451
DE,DEU,Germany,2019,2019-01-01,3888226035921.56
DE,DEU,Germany,2020,2020-01-01,3889668895299.62
DE,DEU,Germany,2021,2021-01-01,4259934911821.64
DJ,DJI,Djibouti,2019,2019-01-01,3088853638.56832
DJ,DJI,Djibouti,2020,2020-01-01,3181071153.6622
DJ,DJI,Djibouti,2021,2021-01-01,3482987379.0942
DM,DMA,Dominica,2019,2019-01-01,611537037.037037
DM,DMA,Dominica,2020,2020-01-01,504214814.814815
DM,DMA,Dominica,2021,2021-01-01,554181481.481481
DK,DNK,Denmark,2019,2019-01-01,346498737961.635
DK,DNK,Denmark,2020,2020-01-01,355222449505.211
DK,DNK,Denmark,2021,2021-01-01,398303272764.46
DO,DOM,Dominican Republic,2019,2019-01-01,88941299733.5018
DO,DOM,Dominican Republic,2020,2020-01-01,78844702329.0785
DO,DOM,Dominican Republic,2021,2021-01-01,94243453937.4462
DZ,DZA,Algeria,2019,2019-01-01,171767403748.19
DZ,DZA,Algeria,2020,2020-01-01,145009181490.62
DZ,DZA,Algeria,2021,2021-01-01,163044443983.759
4E,EAP,East Asia & Pacific (excluding high income),2019,2019-01-01,17207855739652.5
4E,EAP,East Asia & Pacific (excluding high income),2020,2020-01-01,17486916629390.6
4E,EAP,East Asia & Pacific (excluding high income),2021,2021-01-01,20751789915914.3
V2,EAR,Early-demographic dividend,2019,2019-01-01,11638001740869.6
V2,EAR,Early-demographic dividend,2020,2020-01-01,10851370332817.7
V2,EAR,Early-demographic dividend,2021,2021-01-01,12637296304146.5
Z4,EAS,East Asia & Pacific,2019,2019-01-01,27028297830157.6
Z4,EAS,East Asia & Pacific,2020,2020-01-01,27127309724583.3
Z4,EAS,East Asia & Pacific,2021,2021-01-01,30911686458694.3
7E,ECA,Europe & Central Asia (excluding high income),2019,2019-01-01,3248640014760.21
7E,ECA,Europe & Central Asia (excluding high income),2020,2020-01-01,2982626888407.66
7E,ECA,Europe & Central Asia (excluding high income),2021,2021-01-01,3517372658753.68
Z7,ECS,Europe & Central Asia,2019,2019-01-01,22909981097693.6
Z7,ECS,Europe & Central Asia,2020,2020-01-01,22139980728586.8
Z7,ECS,Europe & Central Asia,2021,2021-01-01,25082834224986.1
EC,ECU,Ecuador,2019,2019-01-01,108108009000
EC,ECU,Ecuador,2020,2020-01-01,99291124000
EC,ECU,Ecuador,2021,2021-01-01,106165866000
EG,EGY,"Egypt, Arab Rep.",2019,2019-01-01,303080865603.645
EG,EGY,"Egypt, Arab Rep.",2020,2020-01-01,365252651278.852
EG,EGY,"Egypt, Arab Rep.",2021,2021-01-01,404142766093.053
XC,EMU,Euro area,2019,2019-01-01,13418170804151.7
XC,EMU,Euro area,2020,2020-01-01,13085484520637.5
XC,EMU,Euro area,2021,2021-01-01,14563282816938.9
ES,ESP,Spain,2019,2019-01-01,1394320055129.41
ES,ESP,Spain,2020,2020-01-01,1276962685648.25
ES,ESP,Spain,2021,2021-01-01,1427380681294.55
EE,EST,Estonia,2019,2019-01-01,31081901909.2156
EE,EST,Estonia,2020,2020-01-01,31370395572.7658
EE,EST,Estonia,2021,2021-01-01,37191166151.98
ET,ETH,Ethiopia,2019,2019-01-01,95912590628.1412
ET,ETH,Ethiopia,2020,2020-01-01,107657734392.446
ET,ETH,Ethiopia,2021,2021-01-01,111271112329.975
EU,EUU,European Union,2019,2019-01-01,15693403575262.4
EU,EUU,European Union,2020,2020-01-01,15369441264656.7
EU,EUU,European Union,2021,2021-01-01,17177419592825
F1,FCS,Fragile and conflict affected situations,2019,2019-01-01,1804386435814.39
F1,FCS,Fragile and conflict affected situations,2020,2020-01-01,1680894123972.54
F1,FCS,Fragile and conflict affected situations,2021,2021-01-01,1799023437650.12
FI,FIN,Finland,2019,2019-01-01,268514916972.549
FI,FIN,Finland,2020,2020-01-01,271891788362.647
FI,FIN,Finland,2021,2021-01-01,297301883523.251
FJ,FJI,Fiji,2019,2019-01-01,5481675173.38011
FJ,FJI,Fiji,2020,2020-01-01,4477040340.45226
FJ,FJI,Fiji,2021,2021-01-01,4296304590.01135
FR,FRA,France,2019,2019-01-01,2728870246705.88
FR,FRA,France,2020,2020-01-01,2639008701648.26
FR,FRA,France,2021,2021-01-01,2957879759263.52
FO,FRO,Faroe Islands,2019,2019-01-01,3275706960.14634
FO,FRO,Faroe Islands,2020,2020-01-01,3248696901.60652
FO,FRO,Faroe Islands,2021,2021-01-01,3649886275.07118
FM,FSM,"Micronesia, Fed. Sts.",2019,2019-01-01,412000000
FM,FSM,"Micronesia, Fed. Sts.",2020,2020-01-01,408000000
FM,FSM,"Micronesia, Fed. Sts.",2021,2021-01-01,404028900
GA,GAB,Gabon,2019,2019-01-01,16874405460.1955
GA,GAB,Gabon,2020,2020-01-01,15314577167.8211
GA,GAB,Gabon,2021,2021-01-01,20216843173.9702
GB,GBR,United Kingdom,2019,2019-01-01,2857057847953.02
GB,GBR,United Kingdom,2020,2020-01-01,2704609160088.15
GB,GBR,United Kingdom,2021,2021-01-01,3131377762925.95
GE,GEO,Georgia,2019,2019-01-01,17470436258.5131
GE,GEO,Georgia,2020,2020-01-01,15842922532.7202
GE,GEO,Georgia,2021,2021-01-01,18629365597.0017
GH,GHA,Ghana,2019,2019-01-01,68337537815.7703
GH,GHA,Ghana,2020,2020-01-01,70043199813.6885
GH,GHA,Ghana,2021,2021-01-01,77594279054.8795
GN,GIN,Guinea,2019,2019-01-01,13442861443.7506
GN,GIN,Guinea,2020,2020-01-01,14177835816.2777
GN,GIN,Guinea,2021,2021-01-01,16091817842.2342
GM,GMB,"Gambia, The",2019,2019-01-01,1813608279.65044
GM,GMB,"Gambia, The",2020,2020-01-01,1812169483.72578
GM,GMB,"Gambia, The",2021,2021-01-01,2038417462.37695
GW,GNB,Guinea-Bissau,2019,2019-01-01,1439638443.38133
GW,GNB,Guinea-Bissau,2020,2020-01-01,1431758242.90375
GW,GNB,Guinea-Bissau,2021,2021-01-01,1638517533.16504
GQ,GNQ,Equatorial Guinea,2019,2019-01-01,11364133801.8914
GQ,GNQ,Equatorial Guinea,2020,2020-01-01,10099158074.7273
GQ,GNQ,Equatorial Guinea,2021,2021-01-01,12269392839.7472
GR,GRC,Greece,2019,2019-01-01,205257014892.502
GR,GRC,Greece,2020,2020-01-01,188925995936.807
GR,GRC,Greece,2021,2021-01-01,214873879833.648
GD,GRD,Grenada,2019,2019-01-01,1213485185.18519
GD,GRD,Grenada,2020,2020-01-01,1043414814.81481
GD,GRD,Grenada,2021,2021-01-01,1122807407.40741
GL,GRL,Greenland,2019,2019-01-01,2994332323.74726
GL,GRL,Greenland,2020,2020-01-01,3076015346.7541
GT,GTM,Guatemala,2019,2019-01-01,77170421167.5134
GT,GTM,Guatemala,2020,2020-01-01,77625486978.2561
GT,GTM,Guatemala,2021,2021-01-01,85985752107.4679
GU,GUM,Guam,2019,2019-01-01,6366000000
GU,GUM,Guam,2020,2020-01-01,5886000000
GU,GUM,Guam,2021,2021-01-01,6123000000
GY,GUY,Guyana,2019,2019-01-01,5173760191.84652
GY,GUY,Guyana,2020,2020-01-01,5471256594.72422
GY,GUY,Guyana,2021,2021-01-01,8044498800.95923
HK,HKG,"Hong Kong SAR, China",2019,2019-01-01,363052489184.395
HK,HKG,"Hong Kong SAR, China",2020,2020-01-01,344932192028.051
HK,HKG,"Hong Kong SAR, China",2021,2021-01-01,369176400967.427
HN,HND,Honduras,2019,2019-01-01,25089976946.7736
HN,HND,Honduras,2020,2020-01-01,23827840809.7014
HN,HND,Honduras,2021,2021-01-01,28488668301.6401
XE,HPC,Heavily indebted poor countries (HIPC),2019,2019-01-01,797571800632.385
XE,HPC,Heavily indebted poor countries (HIPC),2020,2020-01-01,803236484236.191
XE,HPC,Heavily indebted poor countries (HIPC),2021,2021-01-01,891901460388.385
HR,HRV,Croatia,2019,2019-01-01,62327983579.5899
HR,HRV,Croatia,2020,2020-01-01,57472012426.6853
HR,HRV,Croatia,2021,2021-01-01,68955083280.1922
HT,HTI,Haiti,2019,2019-01-01,14785839382.9002
HT,HTI,Haiti,2020,2020-01-01,14508218017.4032
HT,HTI,Haiti,2021,2021-01-01,20944392615.0803
HU,HUN,Hungary,2019,2019-01-01,163988594921.902
HU,HUN,Hungary,2020,2020-01-01,157182045260.23
HU,HUN,Hungary,2021,2021-01-01,181848022233.89
XF,IBD,IBRD only,2019,2019-01-01,31250632838977.7
XF,IBD,IBRD only,2020,2020-01-01,30068953560995.4
XF,IBD,IBRD only,2021,2021-01-01,35511412304437.1
ZT,IBT,IDA & IBRD total,2019,2019-01-01,33600177295748.1
ZT,IBT,IDA & IBRD total,2020,2020-01-01,32404400348760.8
ZT,IBT,IDA & IBRD total,2021,2021-01-01,38062847856443.9
XG,IDA,IDA total,2019,2019-01-01,2348783962878.72
XG,IDA,IDA total,2020,2020-01-01,2335046416001.58
XG,IDA,IDA total,2021,2021-01-01,2549112031362.93
XH,IDB,IDA blend,2019,2019-01-01,1042643234199.04
XH,IDB,IDA blend,2020,2020-01-01,1002074719263.99
XH,IDB,IDA blend,2021,2021-01-01,1096478315864.49
ID,IDN,Indonesia,2019,2019-01-01,1119099868265.25
ID,IDN,Indonesia,2020,2020-01-01,1058688935454.78
ID,IDN,Indonesia,2021,2021-01-01,1186092991320.04
XI,IDX,IDA only,2019,2019-01-01,1308461393704.39
XI,IDX,IDA only,2020,2020-01-01,1336381367316.97
XI,IDX,IDA only,2021,2021-01-01,1456252171238.16
IM,IMN,Isle of Man,2019,2019-01-01,7315388052.08067
IN,IND,India,2019,2019-01-01,2831552222519.99
IN,IND,India,2020,2020-01-01,2667687951796.5
IN,IND,India,2021,2021-01-01,3176295065497.24
IE,IRL,Ireland,2019,2019-01-01,399321701632.431
IE,IRL,Ireland,2020,2020-01-01,425852281928.121
IE,IRL,Ireland,2021,2021-01-01,504182603275.542
IR,IRN,"Iran, Islamic Rep.",2019,2019-01-01,283746685180.338
IR,IRN,"Iran, Islamic Rep.",2020,2020-01-01,239735571102.495
IR,IRN,"Iran, Islamic Rep.",2021,2021-01-01,359713152725.063
IQ,IRQ,Iraq,2019,2019-01-01,233636097800.338
IQ,IRQ,Iraq,2020,2020-01-01,184369797315.436
IQ,IRQ,Iraq,2021,2021-01-01,207889333724.138
IS,ISL,Iceland,2019,2019-01-01,24826102119.6357
IS,ISL,Iceland,2020,2020-01-01,21694674809.9321
IS,ISL,Iceland,2021,2021-01-01,25602419210.3374
IL,ISR,Israel,2019,2019-01-01,402470513619.148
IL,ISR,Israel,2020,2020-01-01,413267669231.522
IL,ISR,Israel,2021,2021-01-01,488526545878.891
IT,ITA,Italy,2019,2019-01-01,2011302198827.45
IT,ITA,Italy,2020,2020-01-01,1896755301518.14
IT,ITA,Italy,2021,2021-01-01,2107702842669.73
JM,JAM,Jamaica,2019,2019-01-01,15830768549.8916
JM,JAM,Jamaica,2020,2020-01-01,13812425036.5864
JM,JAM,Jamaica,2021,2021-01-01,14657586937.0735
JO,JOR,Jordan,2019,2019-01-01,44993992365.1297
JO,JOR,Jordan,2020,2020-01-01,44182298291.8206
JO,JOR,Jordan,2021,2021-01-01,45744271658.9141
JP,JPN,Japan,2019,2019-01-01,5123318151510.62
JP,JPN,Japan,2020,2020-01-01,5040107754084.11
JP,JPN,Japan,2021,2021-01-01,4940877780755.33
KZ,KAZ,Kazakhstan,2019,2019-01-01,181667190075.541
KZ,KAZ,Kazakhstan,2020,2020-01-01,171082379532.988
KZ,KAZ,Kazakhstan,2021,2021-01-01,197112255360.612
KE,KEN,Kenya,2019,2019-01-01,100379713697.421
KE,KEN,Kenya,2020,2020-01-01,100666542665.72
KE,KEN,Kenya,2021,2021-01-01,110347079517.356
KG,KGZ,Kyrgyz Republic,2019,2019-01-01,8871026074.19762
KG,KGZ,Kyrgyz Republic,2020,2020-01-01,7780874536.66054
KG,KGZ,Kyrgyz Republic,2021,2021-01-01,8543423502.6134
KH,KHM,Cambodia,2019,2019-01-01,27089389786.979
KH,KHM,Cambodia,2020,2020-01-01,25872798012.1938
KH,KHM,Cambodia,2021,2021-01-01,26961061119.7957
KI,KIR,Kiribati,2019,2019-01-01,177935349.322211
KI,KIR,Kiribati,2020,2020-01-01,180911843.644622
KI,KIR,Kiribati,2021,2021-01-01,207031250
KN,KNA,St. Kitts and Nevis,2019,2019-01-01,1107840740.74074
KN,KNA,St. Kitts and Nevis,2020,2020-01-01,884525925.925926
KN,KNA,St. Kitts and Nevis,2021,2021-01-01,860840740.740741
KR,KOR,"Korea, Rep.",2019,2019-01-01,1651422932447.77
KR,KOR,"Korea, Rep.",2020,2020-01-01,1644312831906.17
KR,KOR,"Korea, Rep.",2021,2021-01-01,1810955871380.98
KW,KWT,Kuwait,2019,2019-01-01,136196760180.976
KW,KWT,Kuwait,2020,2020-01-01,105960225688.145
XJ,LAC,Latin America & Caribbean (excluding high income),2019,2019-01-01,4773979941240.86
XJ,LAC,Latin America & Caribbean (excluding high income),2020,2020-01-01,3997651287256.03
XJ,LAC,Latin America & Caribbean (excluding high income),2021,2021-01-01,4585103994306.3
LA,LAO,Lao PDR,2019,2019-01-01,18740559554.1632
LA,LAO,Lao PDR,2020,2020-01-01,18981800705.0794
LA,LAO,Lao PDR,2021,2021-01-01,18827148509.5798
LB,LBN,Lebanon,2019,2019-01-01,51953744530.2445
LB,LBN,Lebanon,2020,2020-01-01,31712128253.7961
LB,LBN,Lebanon,2021,2021-01-01,23131940280.7316
LR,LBR,Liberia,2019,2019-01-01,3319596500
LR,LBR,Liberia,2020,2020-01-01,3039982500
LR,LBR,Liberia,2021,2021-01-01,3509000000
LY,LBY,Libya,2019,2019-01-01,69252306372.0232
LY,LBY,Libya,2020,2020-01-01,50357312594.5129
LY,LBY,Libya,2021,2021-01-01,42817472975.3677
LC,LCA,St. Lucia,2019,2019-01-01,2094201725.17451
LC,LCA,St. Lucia,2020,2020-01-01,1516015718.73491
LC,LCA,St. Lucia,2021,2021-01-01,1691275156.6002
ZJ,LCN,Latin America & Caribbean,2019,2019-01-01,5618711473342.91
ZJ,LCN,Latin America & Caribbean,2020,2020-01-01,4742371960398.12
ZJ,LCN,Latin America & Caribbean,2021,2021-01-01,5454428996198.05
XL,LDC,Least developed countries: UN classification,2019,2019-01-01,1153041256783.79
XL,LDC,Least developed countries: UN classification,2020,2020-01-01,1176576556341.42
XL,LDC,Least developed countries: UN classification,2021,2021-01-01,1280907562189.61
LI,LIE,Liechtenstein,2019,2019-01-01,6427248943.44939
LI,LIE,Liechtenstein,2020,2020-01-01,6113951011.71459
LK,LKA,Sri Lanka,2019,2019-01-01,89014990791.9051
LK,LKA,Sri Lanka,2020,2020-01-01,85349112170.9594
LK,LKA,Sri Lanka,2021,2021-01-01,88927263724.8592
XO,LMY,Low & middle income,2019,2019-01-01,32079765914807.5
XO,LMY,Low & middle income,2020,2020-01-01,30948393969161.3
XO,LMY,Low & middle income,2021,2021-01-01,36370594658882.7
LS,LSO,Lesotho,2019,2019-01-01,2453980835.24819
LS,LSO,Lesotho,2020,2020-01-01,2231214507.47611
LS,LSO,Lesotho,2021,2021-01-01,2496134680.31694
V3,LTE,Late-demographic dividend,2019,2019-01-01,23047002747227.5
V3,LTE,Late-demographic dividend,2020,2020-01-01,22493447284783
V3,LTE,Late-demographic dividend,2021,2021-01-01,26622141277937
LT,LTU,Lithuania,2019,2019-01-01,54751510087.7803
LT,LTU,Lithuania,2020,2020-01-01,56846622904.4391
LT,LTU,Lithuania,2021,2021-01-01,66445256585.3671
LU,LUX,Luxembourg,2019,2019-01-01,69825641851.0117
LU,LUX,Luxembourg,2020,2020-01-01,73992591285.3029
LU,LUX,Luxembourg,2021,2021-01-01,85506243833.7816
LV,LVA,Latvia,2019,2019-01-01,34343961072.8235
LV,LVA,Latvia,2020,2020-01-01,34601740323.3386
LV,LVA,Latvia,2021,2021-01-01,39853501579.8211
MO,MAC,"Macao SAR, China",2019,2019-01-01,55204758069.5124
MO,MAC,"Macao SAR, China",2020,2020-01-01,25459563655.4806
MO,MAC,"Macao SAR, China",2021,2021-01-01,30123914808.5691
MA,MAR,Morocco,2019,2019-01-01,128919944681.869
MA,MAR,Morocco,2020,2020-01-01,121348138320.276
MA,MAR,Morocco,2021,2021-01-01,142866329198.42
MC,MCO,Monaco,2019,2019-01-01,7383745662.15157
MC,MCO,Monaco,2020,2020-01-01,6739691604.79726
MC,MCO,Monaco,2021,2021-01-01,8596096984.03312
MD,MDA,Moldova,2019,2019-01-01,11971345002.7757
MD,MDA,Moldova,2020,2020-01-01,11859730543.5525
MD,MDA,Moldova,2021,2021-01-01,13679221333.2052
MG,MDG,Madagascar,2019,2019-01-01,14104664514.8681
MG,MDG,Madagascar,2020,2020-01-01,13051441059.3338
MG,MDG,Madagascar,2021,2021-01-01,14472603322.5571
MV,MDV,Maldives,2019,2019-01-01,5609400721.62268
MV,MDV,Maldives,2020,2020-01-01,3746321936.37729
MV,MDV,Maldives,2021,2021-01-01,5405576235.79462
ZQ,MEA,Middle East & North Africa,2019,2019-01-01,3472047486173.32
ZQ,MEA,Middle East & North Africa,2020,2020-01-01,3115703083275.4
ZQ,MEA,Middle East & North Africa,2021,2021-01-01,3679844251878.64
MX,MEX,Mexico,2019,2019-01-01,1269011767478.56
MX,MEX,Mexico,2020,2020-01-01,1090515389749.41
MX,MEX,Mexico,2021,2021-01-01,1272839334119.3
MH,MHL,Marshall Islands,2019,2019-01-01,232092300
MH,MHL,Marshall Islands,2020,2020-01-01,241722400
MH,MHL,Marshall Islands,2021,2021-01-01,259538700
XP,MIC,Middle income,2019,2019-01-01,31590337549585.4
XP,MIC,Middle income,2020,2020-01-01,30468597959817.3
XP,MIC,Middle income,2021,2021-01-01,35845142448794.2
MK,MKD,North Macedonia,2019,2019-01-01,12606338448.547
MK,MKD,North Macedonia,2020,2020-01-01,12363580534.6811
MK,MKD,North Macedonia,2021,2021-01-01,13825049831.7959
ML,MLI,Mali,2019,2019-01-01,17280251193.9527
ML,MLI,Mali,2020,2020-01-01,17465392915.9153
ML,MLI,Mali,2021,2021-01-01,19140461605.8227
MT,MLT,Malta,2019,2019-01-01,15725847979.4022
MT,MLT,Malta,2020,2020-01-01,14933066818.9606
MT,MLT,Malta,2021,2021-01-01,17364044943.8202
MM,MMR,Myanmar,2019,2019-01-01,68697759361.231
MM,MMR,Myanmar,2020,2020-01-01,78930257227.0908
MM,MMR,Myanmar,2021,2021-01-01,65091751273.2879
XQ,MNA,Middle East & North Africa (excluding high income),2019,2019-01-01,1393571952376.11
XQ,MNA,Middle East & North Africa (excluding high income),2020,2020-01-01,1274090477533.63
XQ,MNA,Middle East & North Africa (excluding high income),2021,2021-01-01,1493751699435.47
ME,MNE,Montenegro,2019,2019-01-01,5542053845.29274
ME,MNE,Montenegro,2020,2020-01-01,4769860740.74074
ME,MNE,Montenegro,2021,2021-01-01,5861268038.7982
MN,MNG,Mongolia,2019,2019-01-01,14206359006.8095
MN,MNG,Mongolia,2020,2020-01-01,13312981594.573
MN,MNG,Mongolia,2021,2021-01-01,15286441818.1437
MP,MNP,Northern Mariana Islands,2019,2019-01-01,1182000000
MZ,MOZ,Mozambique,2019,2019-01-01,15390039241.674
MZ,MOZ,Mozambique,2020,2020-01-01,14028811071.7628
MZ,MOZ,Mozambique,2021,2021-01-01,15776758632.8573
MR,MRT,Mauritania,2019,2019-01-01,8066126312.31807
MR,MRT,Mauritania,2020,2020-01-01,8405491201.74674
MR,MRT,Mauritania,2021,2021-01-01,9996249658.23982
MU,MUS,Mauritius,2019,2019-01-01,14436353897.9802
MU,MUS,Mauritius,2020,2020-01-01,11401050654.5624
MU,MUS,Mauritius,2021,2021-01-01,11529042672.3528
MW,MWI,Malawi,2019,2019-01-01,11025371147.1876
MW,MWI,Malawi,2020,2020-01-01,12182348212.7073
MW,MWI,Malawi,2021,2021-01-01,12626717491.8941
MY,MYS,Malaysia,2019,2019-01-01,365175135787.568
MY,MYS,Malaysia,2020,2020-01-01,337337932675.152
MY,MYS,Malaysia,2021,2021-01-01,372980957208.023
XU,NAC,North America,2019,2019-01-01,23130414629482.3
XU,NAC,North America,2020,2020-01-01,22712784167568.4
XU,NAC,North America,2021,2021-01-01,25310703498717.4
NA,NAM,Namibia,2019,2019-01-01,12541928104.6242
NA,NAM,Namibia,2020,2020-01-01,10581585630.0773
NA,NAM,Namibia,2021,2021-01-01,12310595843.9353
NC,NCL,New Caledonia,2019,2019-01-01,9438130987.37298
NC,NCL,New Caledonia,2020,2020-01-01,9435529927.2471
NC,NCL,New Caledonia,2021,2021-01-01,10071351960.0477
NE,NER,Niger,2019,2019-01-01,12916455161.1081
NE,NER,Niger,2020,2020-01-01,13744174689.9681
NE,NER,Niger,2021,2021-01-01,14915001426.9724
NG,NGA,Nigeria,2019,2019-01-01,448120015209.524
NG,NGA,Nigeria,2020,2020-01-01,432198936002.177
NG,NGA,Nigeria,2021,2021-01-01,440833583992.485
NI,NIC,Nicaragua,2019,2019-01-01,12596636042.2321
NI,NIC,Nicaragua,2020,2020-01-01,12586970511.4131
NI,NIC,Nicaragua,2021,2021-01-01,14013022092.0645
NL,NLD,Netherlands,2019,2019-01-01,910194347568.626
NL,NLD,Netherlands,2020,2020-01-01,909793466661.481
NL,NLD,Netherlands,2021,2021-01-01,1012846760976.73
NO,NOR,Norway,2019,2019-01-01,404941363636.364
NO,NOR,Norway,2020,2020-01-01,362198318435.26
NO,NOR,Norway,2021,2021-01-01,482174854481.956
NP,NPL,Nepal,2019,2019-01-01,34186190995.9565
NP,NPL,Nepal,2020,2020-01-01,33433670511.9364
NP,NPL,Nepal,2021,2021-01-01,36288830373.4106
NR,NRU,Nauru,2019,2019-01-01,118724073.809183
NR,NRU,Nauru,2020,2020-01-01,114626625.553023
NR,NRU,Nauru,2021,2021-01-01,133218896.932607
NZ,NZL,New Zealand,2019,2019-01-01,213434571357.984
NZ,NZL,New Zealand,2020,2020-01-01,211734532308.013
NZ,NZL,New Zealand,2021,2021-01-01,249885687029.634
OE,OED,OECD members,2019,2019-01-01,53878590811090.2
OE,OED,OECD members,2020,2020-01-01,52517052000302.5
OE,OED,OECD members,2021,2021-01-01,58268353654249.4
OM,OMN,Oman,2019,2019-01-01,88060858257.4772
OM,OMN,Oman,2020,2020-01-01,75909397659.2978
OM,OMN,Oman,2021,2021-01-01,88191977373.212
S4,OSS,Other small states,2019,2019-01-01,433363259897.155
S4,OSS,Other small states,2020,2020-01-01,378315467558.569
S4,OSS,Other small states,2021,2021-01-01,453948317534.684
PK,PAK,Pakistan,2019,2019-01-01,320909489229.723
PK,PAK,Pakistan,2020,2020-01-01,300425666773.043
PK,PAK,Pakistan,2021,2021-01-01,348262544719.178
PA,PAN,Panama,2019,2019-01-01,66984400000
PA,PAN,Panama,2020,2020-01-01,53977000000
PA,PAN,Panama,2021,2021-01-01,63605100000
PE,PER,Peru,2019,2019-01-01,228323495040.901
PE,PER,Peru,2020,2020-01-01,201705055938.653
PE,PER,Peru,2021,2021-01-01,223249497500.387
PH,PHL,Philippines,2019,2019-01-01,376823278560.849
PH,PHL,Philippines,2020,2020-01-01,361751116292.541
PH,PHL,Philippines,2021,2021-01-01,394086401171.168
PW,PLW,Palau,2019,2019-01-01,278900000
PW,PLW,Palau,2020,2020-01-01,251900000
PW,PLW,Palau,2021,2021-01-01,217800000
PG,PNG,Papua New Guinea,2019,2019-01-01,24751344560.8856
PG,PNG,Papua New Guinea,2020,2020-01-01,23848265895.9538
PG,PNG,Papua New Guinea,2021,2021-01-01,26594305745.554
PL,POL,Poland,2019,2019-01-01,596054591863.312
PL,POL,Poland,2020,2020-01-01,599449188399.108
PL,POL,Poland,2021,2021-01-01,679444832854.295
V1,PRE,Pre-demographic dividend,2019,2019-01-01,1401120806330.91
V1,PRE,Pre-demographic dividend,2020,2020-01-01,1316350192560.25
V1,PRE,Pre-demographic dividend,2021,2021-01-01,1434259111659.57
PR,PRI,Puerto Rico,2019,2019-01-01,105126400000
PR,PRI,Puerto Rico,2020,2020-01-01,103020300000
PR,PRI,Puerto Rico,2021,2021-01-01,106525700000
PT,PRT,Portugal,2019,2019-01-01,239986922638.902
PT,PRT,Portugal,2020,2020-01-01,229031860520.777
PT,PRT,Portugal,2021,2021-01-01,253663144586.019
PY,PRY,Paraguay,2019,2019-01-01,37925338329.1494
PY,PRY,Paraguay,2020,2020-01-01,35432178068.1814
PY,PRY,Paraguay,2021,2021-01-01,39495431574.1782
PS,PSE,West Bank and Gaza,2019,2019-01-01,17133500000
PS,PSE,West Bank and Gaza,2020,2020-01-01,15531700000
PS,PSE,West Bank and Gaza,2021,2021-01-01,18036800000
S2,PSS,Pacific island small states,2019,2019-01-01,10736233419.3753
S2,PSS,Pacific island small states,2020,2020-01-01,9515995237.06002
S2,PSS,Pacific island small states,2021,2021-01-01,9481916212.12622
V4,PST,Post-demographic dividend,2019,2019-01-01,50879345159852
V4,PST,Post-demographic dividend,2020,2020-01-01,49697795866801.5
V4,PST,Post-demographic dividend,2021,2021-01-01,54972726099855.9
PF,PYF,French Polynesia,2019,2019-01-01,6001384759.57628
PF,PYF,French Polynesia,2020,2020-01-01,5709421968.74051
PF,PYF,French Polynesia,2021,2021-01-01,6054676735.37523
QA,QAT,Qatar,2019,2019-01-01,175837550989.011
QA,QAT,Qatar,2020,2020-01-01,144411363345.27
QA,QAT,Qatar,2021,2021-01-01,179677211793.938
RO,ROU,Romania,2019,2019-01-01,251019278416.197
RO,ROU,Romania,2020,2020-01-01,251362040527.804
RO,ROU,Romania,2021,2021-01-01,284087563695.798
RU,RUS,Russian Federation,2019,2019-01-01,1693113904262.89
RU,RUS,Russian Federation,2020,2020-01-01,1489362488439.76
RU,RUS,Russian Federation,2021,2021-01-01,1778782625793.74
RW,RWA,Rwanda,2019,2019-01-01,10356327149.4262
RW,RWA,Rwanda,2020,2020-01-01,10184345442.1708
RW,RWA,Rwanda,2021,2021-01-01,11070356519.4804
8S,SAS,South Asia,2019,2019-01-01,3653950915835.84
8S,SAS,South Asia,2020,2020-01-01,3487013484521.62
8S,SAS,South Asia,2021,2021-01-01,4088770638066.94
SA,SAU,Saudi Arabia,2019,2019-01-01,803616264791.024
SA,SAU,Saudi Arabia,2020,2020-01-01,703367841222.555
SA,SAU,Saudi Arabia,2021,2021-01-01,833541236569.315
SD,SDN,Sudan,2019,2019-01-01,32338079165.2893
SD,SDN,Sudan,2020,2020-01-01,27034593750
SD,SDN,Sudan,2021,2021-01-01,34326058557.4418
SN,SEN,Senegal,2019,2019-01-01,23398811423.578
SN,SEN,Senegal,2020,2020-01-01,24493157583.2282
SN,SEN,Senegal,2021,2021-01-01,27625388352.1688
SG,SGP,Singapore,2019,2019-01-01,375472731271.075
SG,SGP,Singapore,2020,2020-01-01,345295933898.674
SG,SGP,Singapore,2021,2021-01-01,396986899888.351
SB,SLB,Solomon Islands,2019,2019-01-01,1619154819.29185
SB,SLB,Solomon Islands,2020,2020-01-01,1536148245.54995
SB,SLB,Solomon Islands,2021,2021-01-01,1631486531.92364
SL,SLE,Sierra Leone,2019,2019-01-01,4076578542.56207
SL,SLE,Sierra Leone,2020,2020-01-01,4063289449.58795
SL,SLE,Sierra Leone,2021,2021-01-01,4042237864.28942
SV,SLV,El Salvador,2019,2019-01-01,26881140000
SV,SLV,El Salvador,2020,2020-01-01,24563020000
SV,SLV,El Salvador,2021,2021-01-01,28736940000
SM,SMR,San Marino,2019,2019-01-01,1616188702.34405
SM,SMR,San Marino,2020,2020-01-01,1541204337.79164
SO,SOM,Somalia,2019,2019-01-01,6485000000
SO,SOM,Somalia,2020,2020-01-01,6883000000
SO,SOM,Somalia,2021,2021-01-01,7628000011.46184
RS,SRB,Serbia,2019,2019-01-01,51514222381.8428
RS,SRB,Serbia,2020,2020-01-01,53356480453.8048
RS,SRB,Serbia,2021,2021-01-01,63082047649.8528
ZF,SSA,Sub-Saharan Africa (excluding high income),2019,2019-01-01,1801676535161.84
ZF,SSA,Sub-Saharan Africa (excluding high income),2020,2020-01-01,1717749672914.59
ZF,SSA,Sub-Saharan Africa (excluding high income),2021,2021-01-01,1927598981029.07
ZG,SSF,Sub-Saharan Africa,2019,2019-01-01,1803362506027.61
ZG,SSF,Sub-Saharan Africa,2020,2020-01-01,1719009523108.91
ZG,SSF,Sub-Saharan Africa,2021,2021-01-01,1929052252557.39
S1,SST,Small states,2019,2019-01-01,521527918170.426
S1,SST,Small states,2020,2020-01-01,453728268085.958
S1,SST,Small states,2021,2021-01-01,538706065410.038
ST,STP,Sao Tome and Principe,2019,2019-01-01,427425039.684339
ST,STP,Sao Tome and Principe,2020,2020-01-01,472551022.513384
ST,STP,Sao Tome and Principe,2021,2021-01-01,526653790.670814
SR,SUR,Suriname,2019,2019-01-01,4016040575.08796
SR,SUR,Suriname,2020,2020-01-01,2911807496.20227
SR,SUR,Suriname,2021,2021-01-01,2984706243.65482
SK,SVK,Slovak Republic,2019,2019-01-01,105720354988.541
SK,SVK,Slovak Republic,2020,2020-01-01,106696828625.55
SK,SVK,Slovak Republic,2021,2021-01-01,116527101097.7
SI,SVN,Slovenia,2019,2019-01-01,54331588482.3058
SI,SVN,Slovenia,2020,2020-01-01,53706800043.6842
SI,SVN,Slovenia,2021,2021-01-01,61748586534.8672
SE,SWE,Sweden,2019,2019-01-01,533879529188.454
SE,SWE,Sweden,2020,2020-01-01,547054174235.876
SE,SWE,Sweden,2021,2021-01-01,635663801201.765
SZ,SWZ,Eswatini,2019,2019-01-01,4495264160.86577
SZ,SWZ,Eswatini,2020,2020-01-01,3982226055.38454
SZ,SWZ,Eswatini,2021,2021-01-01,4743335152.94181
SC,SYC,Seychelles,2019,2019-01-01,1684373490.19831
SC,SYC,Seychelles,2020,2020-01-01,1261198524.11092
SC,SYC,Seychelles,2021,2021-01-01,1454458183.85981
SY,SYR,Syrian Arab Republic,2019,2019-01-01,22443299775.342
SY,SYR,Syrian Arab Republic,2020,2020-01-01,11079795397.2805
TC,TCA,Turks and Caicos Islands,2019,2019-01-01,1197415000
TC,TCA,Turks and Caicos Islands,2020,2020-01-01,924583000
TC,TCA,Turks and Caicos Islands,2021,2021-01-01,943269800
TD,TCD,Chad,2019,2019-01-01,11314951342.7807
TD,TCD,Chad,2020,2020-01-01,10715396135.4168
TD,TCD,Chad,2021,2021-01-01,11779980801.7843
T4,TEA,East Asia & Pacific (IDA & IBRD countries),2019,2019-01-01,17185732294158.7
T4,TEA,East Asia & Pacific (IDA & IBRD countries),2020,2020-01-01,17464369876211.7
T4,TEA,East Asia & Pacific (IDA & IBRD countries),2021,2021-01-01,20725171469830.4
T7,TEC,Europe & Central Asia (IDA & IBRD countries),2019,2019-01-01,4158041868619.31
T7,TEC,Europe & Central Asia (IDA & IBRD countries),2020,2020-01-01,3891716780502.41
T7,TEC,Europe & Central Asia (IDA & IBRD countries),2021,2021-01-01,4550386471314.9
TG,TGO,Togo,2019,2019-01-01,7220395247.7424
TG,TGO,Togo,2020,2020-01-01,7574636978.66175
TG,TGO,Togo,2021,2021-01-01,8413200567.6151
TH,THA,Thailand,2019,2019-01-01,544081056184.697
TH,THA,Thailand,2020,2020-01-01,499681757030.968
TH,THA,Thailand,2021,2021-01-01,505947037098.424
TJ,TJK,Tajikistan,2019,2019-01-01,8300784856.87904
TJ,TJK,Tajikistan,2020,2020-01-01,8133996647.90397
TJ,TJK,Tajikistan,2021,2021-01-01,8746270636.40142
TM,TKM,Turkmenistan,2019,2019-01-01,45231428571.4286
T2,TLA,Latin America & the Caribbean (IDA & IBRD countries),2019,2019-01-01,5367417073061.3
T2,TLA,Latin America & the Caribbean (IDA & IBRD countries),2020,2020-01-01,4494455537224.68
T2,TLA,Latin America & the Caribbean (IDA & IBRD countries),2021,2021-01-01,5183127352776.93
TL,TLS,Timor-Leste,2019,2019-01-01,2028551627.60532
TL,TLS,Timor-Leste,2020,2020-01-01,2158392539.93697
TL,TLS,Timor-Leste,2021,2021-01-01,3621222382.15929
T3,TMN,Middle East & North Africa (IDA & IBRD countries),2019,2019-01-01,1376425284814.72
T3,TMN,Middle East & North Africa (IDA & IBRD countries),2020,2020-01-01,1258548859986.87
T3,TMN,Middle East & North Africa (IDA & IBRD countries),2021,2021-01-01,1475707612624.83
TO,TON,Tonga,2019,2019-01-01,512057749.020644
TO,TON,Tonga,2020,2020-01-01,484806718.323882
TO,TON,Tonga,2021,2021-01-01,469231309.539488
T5,TSA,South Asia (IDA & IBRD),2019,2019-01-01,3653950915835.84
T5,TSA,South Asia (IDA & IBRD),2020,2020-01-01,3487013484521.62
T5,TSA,South Asia (IDA & IBRD),2021,2021-01-01,4088770638066.94
T6,TSS,Sub-Saharan Africa (IDA & IBRD countries),2019,2019-01-01,1803362506027.61
T6,TSS,Sub-Saharan Africa (IDA & IBRD countries),2020,2020-01-01,1719009523108.91
T6,TSS,Sub-Saharan Africa (IDA & IBRD countries),2021,2021-01-01,1929052252557.38
TT,TTO,Trinidad and Tobago,2019,2019-01-01,23849557811.8957
TT,TTO,Trinidad and Tobago,2020,2020-01-01,21059428851.4883
TT,TTO,Trinidad and Tobago,2021,2021-01-01,24460196270.6866
TN,TUN,Tunisia,2019,2019-01-01,41906113685.9324
TN,TUN,Tunisia,2020,2020-01-01,42537832456.2651
TN,TUN,Tunisia,2021,2021-01-01,46686741814.278
TR,TUR,Turkiye,2019,2019-01-01,759937390496.669
TR,TUR,Turkiye,2020,2020-01-01,720289368333.191
TR,TUR,Turkiye,2021,2021-01-01,819035182929.585
TV,TUV,Tuvalu,2019,2019-01-01,54223149.1136601
TV,TUV,Tuvalu,2020,2020-01-01,55054710.6186773
TV,TUV,Tuvalu,2021,2021-01-01,63100961.5384615
TZ,TZA,Tanzania,2019,2019-01-01,61136873692.3985
TZ,TZA,Tanzania,2020,2020-01-01,62409709110.9538
TZ,TZA,Tanzania,2021,2021-01-01,67841049193.3855
UG,UGA,Uganda,2019,2019-01-01,35353060634.2022
UG,UGA,Uganda,2020,2020-01-01,37600368180.9399
UG,UGA,Uganda,2021,2021-01-01,40529789025.5702
UA,UKR,Ukraine,2019,2019-01-01,153882982016.281
UA,UKR,Ukraine,2020,2020-01-01,156617861448.576
UA,UKR,Ukraine,2021,2021-01-01,200085537744.354
UY,URY,Uruguay,2019,2019-01-01,61231149880.5857
UY,URY,Uruguay,2020,2020-01-01,53560755046.6162
UY,URY,Uruguay,2021,2021-01-01,59319484710.6527
US,USA,United States,2019,2019-01-01,21380976119000
US,USA,United States,2020,2020-01-01,21060473613000
US,USA,United States,2021,2021-01-01,23315080560000
UZ,UZB,Uzbekistan,2019,2019-01-01,59907674027.4676
UZ,UZB,Uzbekistan,2020,2020-01-01,59894305352.8955
UZ,UZB,Uzbekistan,2021,2021-01-01,69238903106.1738
VC,VCT,St. Vincent and the Grenadines,2019,2019-01-01,910149703.703704
VC,VCT,St. Vincent and the Grenadines,2020,2020-01-01,872134555.555555
VC,VCT,St. Vincent and the Grenadines,2021,2021-01-01,904181492.766708
VI,VIR,Virgin Islands (U.S.),2019,2019-01-01,4117000000
VI,VIR,Virgin Islands (U.S.),2020,2020-01-01,4204000000
VN,VNM,Vietnam,2019,2019-01-01,334365257436.758
VN,VNM,Vietnam,2020,2020-01-01,346615750664.384
VN,VNM,Vietnam,2021,2021-01-01,366137590600.699
VU,VUT,Vanuatu,2019,2019-01-01,936526267.622513
VU,VUT,Vanuatu,2020,2020-01-01,896879875.195008
VU,VUT,Vanuatu,2021,2021-01-01,956332655.718234
1W,WLD,World,2019,2019-01-01,87654250895445.7
1W,WLD,World,2020,2020-01-01,85116336691718.7
1W,WLD,World,2021,2021-01-01,96527425918257.8
WS,WSM,Samoa,2019,2019-01-01,912944537.815126
WS,WSM,Samoa,2020,2020-01-01,868904477.722589
WS,WSM,Samoa,2021,2021-01-01,843842416.462442
XK,XKX,Kosovo,2019,2019-01-01,7899879086.43081
XK,XKX,Kosovo,2020,2020-01-01,7716925356.12536
XK,XKX,Kosovo,2021,2021-01-01,9412034299.23122
ZA,ZAF,South Africa,2019,2019-01-01,388531954110.604
ZA,ZAF,South Africa,2020,2020-01-01,337619680138.494
ZA,ZAF,South Africa,2021,2021-01-01,419015018371.887
ZM,ZMB,Zambia,2019,2019-01-01,23308667781.2258
ZM,ZMB,Zambia,2020,2020-01-01,18110631358.3114
ZM,ZMB,Zambia,2021,2021-01-01,22147634727.3584
ZW,ZWE,Zimbabwe,2019,2019-01-01,21832234925.5021
ZW,ZWE,Zimbabwe,2020,2020-01-01,21509698406.1116
ZW,ZWE,Zimbabwe,2021,2021-01-01,28371238665.5116
